<?xml version="1.0" encoding="UTF-8"?>
<BrandingSet xmlns="http://soap.sforce.com/2006/04/metadata">
    <brandingSetProperty>
        <propertyName>BRAND_COLOR</propertyName>
        <propertyValue>#003e5d</propertyValue>
    </brandingSetProperty>
    <brandingSetProperty>
        <propertyName>PAGE_BACKGROUND_COLOR</propertyName>
        <propertyValue>#EAF3F8</propertyValue>
    </brandingSetProperty>
    <brandingSetProperty>
        <propertyName>HEADER_BACKGROUND_COLOR</propertyName>
        <propertyValue>#FFFFFF</propertyValue>
    </brandingSetProperty>
    <brandingSetProperty>
        <propertyName>BRAND_IMAGE</propertyName>
        <propertyValue>/file-asset/blue_logo?v=1</propertyValue>
    </brandingSetProperty>
    <brandingSetProperty>
        <propertyName>BANNER_IMAGE</propertyName>
        <propertyValue>/file-asset/sf_bg_blue1?v=1</propertyValue>
    </brandingSetProperty>
    <brandingSetProperty>
        <propertyName>GROUPS_BANNER_IMAGE</propertyName>
        <propertyValue/>
    </brandingSetProperty>
    <brandingSetProperty>
        <propertyName>GROUP_IMAGE</propertyName>
        <propertyValue/>
    </brandingSetProperty>
    <brandingSetProperty>
        <propertyName>PROFILE_BANNER_IMAGE</propertyName>
        <propertyValue/>
    </brandingSetProperty>
    <brandingSetProperty>
        <propertyName>USER_IMAGE</propertyName>
        <propertyValue/>
    </brandingSetProperty>
    <brandingSetProperty>
        <propertyName>LINK_AS_BACKGROUND</propertyName>
        <propertyValue>false</propertyValue>
    </brandingSetProperty>
    <masterLabel>EF_Theme</masterLabel>
</BrandingSet>
