<?xml version="1.0" encoding="UTF-8"?>
<Dashboard xmlns="http://soap.sforce.com/2006/04/metadata">
    <backgroundEndColor>#CCCCFF</backgroundEndColor>
    <backgroundFadeDirection>Diagonal</backgroundFadeDirection>
    <backgroundStartColor>#FFFFFF</backgroundStartColor>
    <dashboardType>SpecifiedUser</dashboardType>
    <isGridLayout>false</isGridLayout>
    <leftSection>
        <columnSize>Medium</columnSize>
        <components>
            <autoselectColumnsFromReport>true</autoselectColumnsFromReport>
            <componentType>Gauge</componentType>
            <displayUnits>Auto</displayUnits>
            <gaugeMax>3.0</gaugeMax>
            <gaugeMin>0.0</gaugeMin>
            <header>Benutzer Eingeloggt</header>
            <indicatorBreakpoint1>1.0</indicatorBreakpoint1>
            <indicatorBreakpoint2>2.0</indicatorBreakpoint2>
            <indicatorHighColor>#54C254</indicatorHighColor>
            <indicatorLowColor>#C25454</indicatorLowColor>
            <indicatorMiddleColor>#C2C254</indicatorMiddleColor>
            <report>unfiled$public/SampleReportUsersLoggedIn</report>
            <showPercentage>false</showPercentage>
            <showTotal>true</showTotal>
            <showValues>false</showValues>
            <title>Letzten 7 Tage</title>
        </components>
        <components>
            <autoselectColumnsFromReport>true</autoselectColumnsFromReport>
            <componentType>Metric</componentType>
            <displayUnits>Auto</displayUnits>
            <indicatorHighColor>#54C254</indicatorHighColor>
            <indicatorLowColor>#C25454</indicatorLowColor>
            <indicatorMiddleColor>#C2C254</indicatorMiddleColor>
            <metricLabel>Gesamtzahl der Aktiven Benutzer</metricLabel>
            <report>unfiled$public/SampleReportActiveUsers</report>
        </components>
        <components>
            <autoselectColumnsFromReport>true</autoselectColumnsFromReport>
            <componentType>Table</componentType>
            <displayUnits>Auto</displayUnits>
            <drillEnabled>false</drillEnabled>
            <drillToDetailEnabled>false</drillToDetailEnabled>
            <header>Anmeldung Rangliste</header>
            <indicatorBreakpoint2>1.0</indicatorBreakpoint2>
            <indicatorHighColor>#54C254</indicatorHighColor>
            <indicatorLowColor>#C25454</indicatorLowColor>
            <indicatorMiddleColor>#C2C254</indicatorMiddleColor>
            <report>unfiled$public/SampleReportLoginLeaderboard</report>
            <showPicturesOnTables>true</showPicturesOnTables>
            <sortBy>RowValueDescending</sortBy>
            <title>Letzte 7 Tage</title>
        </components>
        <components>
            <autoselectColumnsFromReport>true</autoselectColumnsFromReport>
            <componentType>Table</componentType>
            <displayUnits>Auto</displayUnits>
            <drillEnabled>false</drillEnabled>
            <drillToDetailEnabled>false</drillToDetailEnabled>
            <header>Anmeldung Mauer der Schande</header>
            <indicatorBreakpoint1>0.0</indicatorBreakpoint1>
            <indicatorHighColor>#C25454</indicatorHighColor>
            <indicatorLowColor>#C25454</indicatorLowColor>
            <indicatorMiddleColor>#C25454</indicatorMiddleColor>
            <report>unfiled$public/SampleReportLoginWallofShame</report>
            <showPicturesOnTables>true</showPicturesOnTables>
            <sortBy>RowLabelAscending</sortBy>
            <title>Letzte 7 Tage</title>
        </components>
    </leftSection>
    <middleSection>
        <columnSize>Medium</columnSize>
        <components>
            <autoselectColumnsFromReport>true</autoselectColumnsFromReport>
            <componentType>Table</componentType>
            <displayUnits>Auto</displayUnits>
            <drillEnabled>false</drillEnabled>
            <drillToDetailEnabled>false</drillToDetailEnabled>
            <header># Erledigte Aktivitäten</header>
            <indicatorHighColor>#54C254</indicatorHighColor>
            <indicatorLowColor>#C25454</indicatorLowColor>
            <indicatorMiddleColor>#C2C254</indicatorMiddleColor>
            <report>unfiled$public/SampleReportCompletedActivities</report>
            <showPicturesOnTables>true</showPicturesOnTables>
            <sortBy>RowValueDescending</sortBy>
            <title>Letzten 30 Tage</title>
        </components>
        <components>
            <autoselectColumnsFromReport>true</autoselectColumnsFromReport>
            <componentType>Table</componentType>
            <displayUnits>Auto</displayUnits>
            <drillEnabled>false</drillEnabled>
            <drillToDetailEnabled>false</drillToDetailEnabled>
            <header># Offene Aufgaben</header>
            <indicatorHighColor>#54C254</indicatorHighColor>
            <indicatorLowColor>#C25454</indicatorLowColor>
            <indicatorMiddleColor>#C2C254</indicatorMiddleColor>
            <report>unfiled$public/SampleReportofOpenTasks</report>
            <showPicturesOnTables>true</showPicturesOnTables>
            <sortBy>RowValueDescending</sortBy>
        </components>
        <components>
            <autoselectColumnsFromReport>true</autoselectColumnsFromReport>
            <componentType>Table</componentType>
            <displayUnits>Auto</displayUnits>
            <drillEnabled>false</drillEnabled>
            <drillToDetailEnabled>false</drillToDetailEnabled>
            <header># Erstellte Benutzerdefinierte Berichte</header>
            <indicatorHighColor>#54C254</indicatorHighColor>
            <indicatorLowColor>#C25454</indicatorLowColor>
            <indicatorMiddleColor>#C2C254</indicatorMiddleColor>
            <report>unfiled$public/SampleReportCustomReportsbyUser</report>
            <showPicturesOnTables>true</showPicturesOnTables>
            <sortBy>RowValueDescending</sortBy>
            <title>Letzten 30 Tage</title>
        </components>
        <components>
            <autoselectColumnsFromReport>true</autoselectColumnsFromReport>
            <componentType>Table</componentType>
            <displayUnits>Auto</displayUnits>
            <drillEnabled>false</drillEnabled>
            <drillToDetailEnabled>false</drillToDetailEnabled>
            <header># Benutzerdefinierte Berichte verändert</header>
            <indicatorHighColor>#54C254</indicatorHighColor>
            <indicatorLowColor>#C25454</indicatorLowColor>
            <indicatorMiddleColor>#C2C254</indicatorMiddleColor>
            <report>unfiled$public/SampleReportLastModifiedBy</report>
            <showPicturesOnTables>true</showPicturesOnTables>
            <sortBy>RowLabelDescending</sortBy>
            <title>Letzte 30 Tage</title>
        </components>
    </middleSection>
    <rightSection>
        <columnSize>Medium</columnSize>
        <components>
            <autoselectColumnsFromReport>true</autoselectColumnsFromReport>
            <chartAxisRange>Auto</chartAxisRange>
            <componentType>LineGroupedCumulative</componentType>
            <displayUnits>Auto</displayUnits>
            <drillEnabled>false</drillEnabled>
            <drillToDetailEnabled>false</drillToDetailEnabled>
            <enableHover>false</enableHover>
            <expandOthers>false</expandOthers>
            <header>Information zu Salesforce hinzugefügt</header>
            <legendPosition>Bottom</legendPosition>
            <report>unfiled$public/SampleReportofAccounts</report>
            <showPercentage>false</showPercentage>
            <showValues>false</showValues>
            <sortBy>RowLabelAscending</sortBy>
            <title># Accounts</title>
            <useReportChart>false</useReportChart>
        </components>
        <components>
            <autoselectColumnsFromReport>true</autoselectColumnsFromReport>
            <chartAxisRange>Auto</chartAxisRange>
            <componentType>LineCumulative</componentType>
            <displayUnits>Auto</displayUnits>
            <drillEnabled>false</drillEnabled>
            <drillToDetailEnabled>false</drillToDetailEnabled>
            <enableHover>false</enableHover>
            <expandOthers>false</expandOthers>
            <legendPosition>Bottom</legendPosition>
            <report>unfiled$public/SampleReportofContacts</report>
            <showPercentage>false</showPercentage>
            <showValues>false</showValues>
            <sortBy>RowLabelAscending</sortBy>
            <title># Kontakte</title>
            <useReportChart>false</useReportChart>
        </components>
        <components>
            <autoselectColumnsFromReport>true</autoselectColumnsFromReport>
            <chartAxisRange>Auto</chartAxisRange>
            <componentType>LineGroupedCumulative</componentType>
            <displayUnits>Auto</displayUnits>
            <drillEnabled>false</drillEnabled>
            <drillToDetailEnabled>false</drillToDetailEnabled>
            <enableHover>false</enableHover>
            <expandOthers>false</expandOthers>
            <legendPosition>Bottom</legendPosition>
            <report>unfiled$public/SampleReportofTasksandActivities</report>
            <showPercentage>false</showPercentage>
            <showValues>false</showValues>
            <sortBy>RowLabelAscending</sortBy>
            <title># of Task and Activities</title>
            <useReportChart>false</useReportChart>
        </components>
        <components>
            <autoselectColumnsFromReport>true</autoselectColumnsFromReport>
            <chartAxisRange>Auto</chartAxisRange>
            <componentType>LineGroupedCumulative</componentType>
            <displayUnits>Auto</displayUnits>
            <drillEnabled>false</drillEnabled>
            <drillToDetailEnabled>false</drillToDetailEnabled>
            <enableHover>false</enableHover>
            <expandOthers>false</expandOthers>
            <legendPosition>Bottom</legendPosition>
            <report>unfiled$public/SampleReportofReports</report>
            <showPercentage>false</showPercentage>
            <showValues>false</showValues>
            <sortBy>RowLabelAscending</sortBy>
            <title># Berichte</title>
            <useReportChart>false</useReportChart>
        </components>
        <components>
            <autoselectColumnsFromReport>true</autoselectColumnsFromReport>
            <chartAxisRange>Auto</chartAxisRange>
            <componentType>LineGroupedCumulative</componentType>
            <displayUnits>Auto</displayUnits>
            <drillEnabled>false</drillEnabled>
            <drillToDetailEnabled>false</drillToDetailEnabled>
            <enableHover>false</enableHover>
            <expandOthers>false</expandOthers>
            <legendPosition>Bottom</legendPosition>
            <report>unfiled$public/SampleReportofLeads</report>
            <showPercentage>false</showPercentage>
            <showValues>false</showValues>
            <sortBy>RowLabelAscending</sortBy>
            <title># Leads</title>
            <useReportChart>false</useReportChart>
        </components>
        <components>
            <autoselectColumnsFromReport>true</autoselectColumnsFromReport>
            <chartAxisRange>Auto</chartAxisRange>
            <componentType>LineGroupedCumulative</componentType>
            <displayUnits>Auto</displayUnits>
            <drillEnabled>false</drillEnabled>
            <drillToDetailEnabled>false</drillToDetailEnabled>
            <enableHover>false</enableHover>
            <expandOthers>false</expandOthers>
            <legendPosition>Bottom</legendPosition>
            <report>unfiled$public/SampleReportofOpportunities</report>
            <showPercentage>false</showPercentage>
            <showValues>false</showValues>
            <sortBy>RowLabelAscending</sortBy>
            <title># Opportunities</title>
            <useReportChart>false</useReportChart>
        </components>
        <components>
            <autoselectColumnsFromReport>true</autoselectColumnsFromReport>
            <chartAxisRange>Auto</chartAxisRange>
            <componentType>LineGroupedCumulative</componentType>
            <displayUnits>Auto</displayUnits>
            <drillEnabled>false</drillEnabled>
            <drillToDetailEnabled>false</drillToDetailEnabled>
            <enableHover>false</enableHover>
            <expandOthers>false</expandOthers>
            <legendPosition>Bottom</legendPosition>
            <report>unfiled$public/SampleReportofDocuments</report>
            <showPercentage>false</showPercentage>
            <showValues>false</showValues>
            <sortBy>RowLabelAscending</sortBy>
            <title># Dokumente</title>
            <useReportChart>false</useReportChart>
        </components>
        <components>
            <autoselectColumnsFromReport>true</autoselectColumnsFromReport>
            <chartAxisRange>Auto</chartAxisRange>
            <componentType>LineGroupedCumulative</componentType>
            <displayUnits>Auto</displayUnits>
            <drillEnabled>false</drillEnabled>
            <drillToDetailEnabled>false</drillToDetailEnabled>
            <enableHover>false</enableHover>
            <expandOthers>false</expandOthers>
            <legendPosition>Bottom</legendPosition>
            <report>unfiled$public/SampleReportofCases</report>
            <showPercentage>false</showPercentage>
            <showValues>false</showValues>
            <sortBy>RowLabelAscending</sortBy>
            <title># Kundenvorgänge</title>
            <useReportChart>false</useReportChart>
        </components>
        <components>
            <autoselectColumnsFromReport>true</autoselectColumnsFromReport>
            <chartAxisRange>Auto</chartAxisRange>
            <componentType>LineGroupedCumulative</componentType>
            <displayUnits>Auto</displayUnits>
            <drillEnabled>false</drillEnabled>
            <drillToDetailEnabled>false</drillToDetailEnabled>
            <enableHover>false</enableHover>
            <expandOthers>false</expandOthers>
            <legendPosition>Bottom</legendPosition>
            <report>unfiled$public/SampleReportofSolutions</report>
            <showPercentage>false</showPercentage>
            <showValues>false</showValues>
            <sortBy>RowLabelAscending</sortBy>
            <title># Lösungen</title>
            <useReportChart>false</useReportChart>
        </components>
    </rightSection>
    <runningUser>lisa.klemysheva@ef.com.lang</runningUser>
    <textColor>#000000</textColor>
    <title>Akzeptanz Dashboard</title>
    <titleColor>#000099</titleColor>
    <titleSize>12</titleSize>
</Dashboard>
