<?xml version="1.0" encoding="UTF-8"?>
<Dashboard xmlns="http://soap.sforce.com/2006/04/metadata">
    <backgroundEndColor>#CCCCFF</backgroundEndColor>
    <backgroundFadeDirection>Diagonal</backgroundFadeDirection>
    <backgroundStartColor>#FFFFFF</backgroundStartColor>
    <dashboardType>SpecifiedUser</dashboardType>
    <isGridLayout>false</isGridLayout>
    <leftSection>
        <columnSize>Medium</columnSize>
        <components>
            <autoselectColumnsFromReport>true</autoselectColumnsFromReport>
            <componentType>Gauge</componentType>
            <displayUnits>Integer</displayUnits>
            <gaugeMax>1500000.0</gaugeMax>
            <gaugeMin>0.0</gaugeMin>
            <header>Vertrieb</header>
            <indicatorBreakpoint1>500000.0</indicatorBreakpoint1>
            <indicatorBreakpoint2>1000000.0</indicatorBreakpoint2>
            <indicatorHighColor>#009900</indicatorHighColor>
            <indicatorLowColor>#990000</indicatorLowColor>
            <indicatorMiddleColor>#FFCC66</indicatorMiddleColor>
            <report>unfiled$public/SampleReportClosedSales</report>
            <showPercentage>false</showPercentage>
            <showTotal>true</showTotal>
            <showValues>false</showValues>
            <title>Geschlossene Deals bis jetzt</title>
        </components>
        <components>
            <autoselectColumnsFromReport>true</autoselectColumnsFromReport>
            <componentType>Table</componentType>
            <displayUnits>Auto</displayUnits>
            <drillEnabled>false</drillEnabled>
            <drillToDetailEnabled>false</drillToDetailEnabled>
            <header>Top-5 Offene Deals</header>
            <indicatorHighColor>#00FF00</indicatorHighColor>
            <indicatorLowColor>#FF0000</indicatorLowColor>
            <indicatorMiddleColor>#FFFF00</indicatorMiddleColor>
            <maxValuesDisplayed>5</maxValuesDisplayed>
            <report>unfiled$public/SampleReportOpenDeals</report>
            <showPicturesOnTables>true</showPicturesOnTables>
            <sortBy>RowValueDescending</sortBy>
        </components>
        <components>
            <autoselectColumnsFromReport>true</autoselectColumnsFromReport>
            <componentType>Table</componentType>
            <displayUnits>Auto</displayUnits>
            <drillEnabled>false</drillEnabled>
            <drillToDetailEnabled>false</drillToDetailEnabled>
            <header>Vertriebler Rangliste</header>
            <indicatorHighColor>#54C254</indicatorHighColor>
            <indicatorLowColor>#C25454</indicatorLowColor>
            <indicatorMiddleColor>#C2C254</indicatorMiddleColor>
            <report>unfiled$public/SampleReportSalesLeaderboard</report>
            <showPicturesOnTables>true</showPicturesOnTables>
            <sortBy>RowValueDescending</sortBy>
        </components>
        <components>
            <autoselectColumnsFromReport>true</autoselectColumnsFromReport>
            <componentType>Table</componentType>
            <displayUnits>Auto</displayUnits>
            <drillEnabled>false</drillEnabled>
            <drillToDetailEnabled>false</drillToDetailEnabled>
            <header>Key Accounts</header>
            <indicatorHighColor>#00FF00</indicatorHighColor>
            <indicatorLowColor>#FF0000</indicatorLowColor>
            <indicatorMiddleColor>#FFFF00</indicatorMiddleColor>
            <maxValuesDisplayed>5</maxValuesDisplayed>
            <report>unfiled$public/SampleReportTopAccounts</report>
            <showPicturesOnTables>true</showPicturesOnTables>
            <sortBy>RowValueDescending</sortBy>
        </components>
        <components>
            <autoselectColumnsFromReport>true</autoselectColumnsFromReport>
            <chartAxisRange>Auto</chartAxisRange>
            <componentType>LineGroupedCumulative</componentType>
            <displayUnits>Auto</displayUnits>
            <drillEnabled>false</drillEnabled>
            <drillToDetailEnabled>false</drillToDetailEnabled>
            <enableHover>false</enableHover>
            <expandOthers>false</expandOthers>
            <header>Vertriebstrend seit Monatsbeginn</header>
            <legendPosition>Bottom</legendPosition>
            <report>unfiled$public/SampleReportMonthtoDateTrending</report>
            <showPercentage>false</showPercentage>
            <showValues>false</showValues>
            <sortBy>RowLabelAscending</sortBy>
            <useReportChart>false</useReportChart>
        </components>
        <components>
            <autoselectColumnsFromReport>true</autoselectColumnsFromReport>
            <chartAxisRange>Auto</chartAxisRange>
            <componentType>ColumnStacked</componentType>
            <displayUnits>Auto</displayUnits>
            <drillEnabled>false</drillEnabled>
            <drillToDetailEnabled>false</drillToDetailEnabled>
            <enableHover>false</enableHover>
            <expandOthers>false</expandOthers>
            <header>Historischer Snapshot</header>
            <legendPosition>Bottom</legendPosition>
            <report>unfiled$public/SampleReportPipelineHistory</report>
            <showPercentage>false</showPercentage>
            <showValues>false</showValues>
            <sortBy>RowLabelAscending</sortBy>
            <useReportChart>false</useReportChart>
        </components>
    </leftSection>
    <middleSection>
        <columnSize>Narrow</columnSize>
        <components>
            <autoselectColumnsFromReport>true</autoselectColumnsFromReport>
            <chartAxisRange>Auto</chartAxisRange>
            <componentType>Pie</componentType>
            <displayUnits>Auto</displayUnits>
            <drillEnabled>false</drillEnabled>
            <drillToDetailEnabled>false</drillToDetailEnabled>
            <enableHover>false</enableHover>
            <expandOthers>false</expandOthers>
            <header>Marketing</header>
            <legendPosition>Bottom</legendPosition>
            <report>unfiled$public/SampleReportLeadsbyLeadSource</report>
            <showPercentage>false</showPercentage>
            <showValues>true</showValues>
            <sortBy>RowLabelAscending</sortBy>
            <title>Leads nach Lead-Quelle</title>
            <useReportChart>false</useReportChart>
        </components>
        <components>
            <autoselectColumnsFromReport>true</autoselectColumnsFromReport>
            <chartAxisRange>Auto</chartAxisRange>
            <componentType>ColumnStacked</componentType>
            <displayUnits>Auto</displayUnits>
            <drillEnabled>false</drillEnabled>
            <drillToDetailEnabled>false</drillToDetailEnabled>
            <enableHover>false</enableHover>
            <expandOthers>false</expandOthers>
            <legendPosition>Bottom</legendPosition>
            <report>unfiled$public/SampleReportsLeadsbyStatus</report>
            <showPercentage>false</showPercentage>
            <showValues>false</showValues>
            <sortBy>RowLabelAscending</sortBy>
            <title>Lead nach Lead-Status</title>
            <useReportChart>false</useReportChart>
        </components>
        <components>
            <autoselectColumnsFromReport>true</autoselectColumnsFromReport>
            <chartAxisRange>Auto</chartAxisRange>
            <componentType>ColumnStacked</componentType>
            <displayUnits>Auto</displayUnits>
            <drillEnabled>false</drillEnabled>
            <drillToDetailEnabled>false</drillToDetailEnabled>
            <enableHover>false</enableHover>
            <expandOthers>false</expandOthers>
            <header>Pipeline Analyse</header>
            <legendPosition>Bottom</legendPosition>
            <report>unfiled$public/SampleReportSalesPipelinebyStage</report>
            <showPercentage>false</showPercentage>
            <showValues>false</showValues>
            <sortBy>RowLabelAscending</sortBy>
            <title>Pipeline nach Phase und Typ</title>
            <useReportChart>false</useReportChart>
        </components>
        <components>
            <autoselectColumnsFromReport>true</autoselectColumnsFromReport>
            <chartAxisRange>Auto</chartAxisRange>
            <componentType>LineGrouped</componentType>
            <displayUnits>Auto</displayUnits>
            <drillEnabled>false</drillEnabled>
            <drillToDetailEnabled>false</drillToDetailEnabled>
            <enableHover>false</enableHover>
            <expandOthers>false</expandOthers>
            <legendPosition>Bottom</legendPosition>
            <report>unfiled$public/SampleReportPipelineByCloseMonth</report>
            <showPercentage>false</showPercentage>
            <showValues>false</showValues>
            <sortBy>RowLabelAscending</sortBy>
            <title>Pipeline nach Typ und Endmonat</title>
            <useReportChart>false</useReportChart>
        </components>
    </middleSection>
    <rightSection>
        <columnSize>Medium</columnSize>
        <components>
            <autoselectColumnsFromReport>true</autoselectColumnsFromReport>
            <chartAxisRange>Auto</chartAxisRange>
            <componentType>Bar</componentType>
            <displayUnits>Auto</displayUnits>
            <drillEnabled>false</drillEnabled>
            <drillToDetailEnabled>false</drillToDetailEnabled>
            <enableHover>false</enableHover>
            <expandOthers>false</expandOthers>
            <header>Service</header>
            <legendPosition>Bottom</legendPosition>
            <report>unfiled$public/SampleReportOpenCasesByPriority</report>
            <showPercentage>false</showPercentage>
            <showPicturesOnCharts>false</showPicturesOnCharts>
            <showValues>false</showValues>
            <sortBy>RowLabelAscending</sortBy>
            <title>Offene Kundenvorgänge nach Priorität</title>
            <useReportChart>false</useReportChart>
        </components>
        <components>
            <autoselectColumnsFromReport>true</autoselectColumnsFromReport>
            <chartAxisRange>Auto</chartAxisRange>
            <componentType>BarStacked</componentType>
            <displayUnits>Auto</displayUnits>
            <drillEnabled>false</drillEnabled>
            <drillToDetailEnabled>false</drillToDetailEnabled>
            <enableHover>false</enableHover>
            <expandOthers>false</expandOthers>
            <header>Kundenvorgänge nach Inhaber</header>
            <legendPosition>Bottom</legendPosition>
            <report>unfiled$public/SampleReportCasesStatusbyRep</report>
            <showPercentage>false</showPercentage>
            <showValues>false</showValues>
            <sortBy>RowLabelDescending</sortBy>
            <title># Kundenvorgänge</title>
            <useReportChart>false</useReportChart>
        </components>
        <components>
            <autoselectColumnsFromReport>true</autoselectColumnsFromReport>
            <chartAxisRange>Auto</chartAxisRange>
            <componentType>ColumnStacked</componentType>
            <displayUnits>Auto</displayUnits>
            <drillEnabled>false</drillEnabled>
            <drillToDetailEnabled>false</drillToDetailEnabled>
            <enableHover>false</enableHover>
            <expandOthers>false</expandOthers>
            <header>Lösungen Knowledgebase</header>
            <legendPosition>Bottom</legendPosition>
            <report>unfiled$public/SampleReportSolutionsAdded</report>
            <showPercentage>false</showPercentage>
            <showValues>false</showValues>
            <sortBy>RowLabelAscending</sortBy>
            <title># Lösungen hinzugefügt</title>
            <useReportChart>false</useReportChart>
        </components>
    </rightSection>
    <runningUser>lisa.klemysheva@ef.com.lang</runningUser>
    <textColor>#000000</textColor>
    <title>Unternehmensergebnis Dashboard</title>
    <titleColor>#000099</titleColor>
    <titleSize>12</titleSize>
</Dashboard>
