<?xml version="1.0" encoding="UTF-8"?>
<Dashboard xmlns="http://soap.sforce.com/2006/04/metadata">
    <backgroundEndColor>#FFFFFF</backgroundEndColor>
    <backgroundFadeDirection>Diagonal</backgroundFadeDirection>
    <backgroundStartColor>#FFFFFF</backgroundStartColor>
    <chartTheme>light</chartTheme>
    <colorPalette>unity</colorPalette>
    <dashboardChartTheme>light</dashboardChartTheme>
    <dashboardColorPalette>unity</dashboardColorPalette>
    <dashboardGridLayout>
        <dashboardGridComponents>
            <colSpan>3</colSpan>
            <columnIndex>0</columnIndex>
            <dashboardComponent>
                <autoselectColumnsFromReport>false</autoselectColumnsFromReport>
                <chartAxisRange>Auto</chartAxisRange>
                <chartSummary>
                    <axisBinding>y</axisBinding>
                    <column>FORMULA1</column>
                </chartSummary>
                <componentType>BarGrouped</componentType>
                <displayUnits>Integer</displayUnits>
                <drillEnabled>false</drillEnabled>
                <drillToDetailEnabled>false</drillToDetailEnabled>
                <enableHover>false</enableHover>
                <expandOthers>false</expandOthers>
                <groupingColumn>Opportunity.Market__c</groupingColumn>
                <groupingColumn>BucketField_28935581</groupingColumn>
                <header>Customers to Contact Today</header>
                <legendPosition>Bottom</legendPosition>
                <report>SM_Overview/Customers_to_Contact_Today_SM</report>
                <showPercentage>false</showPercentage>
                <showValues>true</showValues>
                <sortBy>RowValueDescending</sortBy>
                <useReportChart>false</useReportChart>
            </dashboardComponent>
            <rowIndex>0</rowIndex>
            <rowSpan>6</rowSpan>
        </dashboardGridComponents>
        <dashboardGridComponents>
            <colSpan>3</colSpan>
            <columnIndex>3</columnIndex>
            <dashboardComponent>
                <autoselectColumnsFromReport>false</autoselectColumnsFromReport>
                <chartAxisRange>Auto</chartAxisRange>
                <chartSummary>
                    <axisBinding>y</axisBinding>
                    <column>FORMULA1</column>
                </chartSummary>
                <componentType>BarGrouped</componentType>
                <displayUnits>Integer</displayUnits>
                <drillEnabled>false</drillEnabled>
                <drillToDetailEnabled>false</drillToDetailEnabled>
                <enableHover>false</enableHover>
                <expandOthers>false</expandOthers>
                <footer>Includes Calls Reached and Not Reached</footer>
                <groupingColumn>Opportunity.Market__c</groupingColumn>
                <groupingColumn>ASSIGNED</groupingColumn>
                <header>Calls Made Today</header>
                <legendPosition>Bottom</legendPosition>
                <report>SM_Overview/Calls_Made_Today_SM</report>
                <showPercentage>false</showPercentage>
                <showValues>true</showValues>
                <sortBy>RowValueDescending</sortBy>
                <useReportChart>false</useReportChart>
            </dashboardComponent>
            <rowIndex>0</rowIndex>
            <rowSpan>6</rowSpan>
        </dashboardGridComponents>
        <dashboardGridComponents>
            <colSpan>3</colSpan>
            <columnIndex>6</columnIndex>
            <dashboardComponent>
                <autoselectColumnsFromReport>false</autoselectColumnsFromReport>
                <chartAxisRange>Auto</chartAxisRange>
                <chartSummary>
                    <axisBinding>y</axisBinding>
                    <column>FORMULA1</column>
                </chartSummary>
                <componentType>Bar</componentType>
                <displayUnits>Integer</displayUnits>
                <drillEnabled>false</drillEnabled>
                <drillToDetailEnabled>false</drillToDetailEnabled>
                <enableHover>false</enableHover>
                <expandOthers>false</expandOthers>
                <footer>Includes Any Reached Action</footer>
                <groupingColumn>Opportunity.Market__c</groupingColumn>
                <header>Reached Actions Today</header>
                <legendPosition>Bottom</legendPosition>
                <report>SM_Overview/Reached_Actions_Today_SM</report>
                <showPercentage>false</showPercentage>
                <showPicturesOnCharts>false</showPicturesOnCharts>
                <showValues>true</showValues>
                <sortBy>RowValueDescending</sortBy>
                <useReportChart>false</useReportChart>
            </dashboardComponent>
            <rowIndex>0</rowIndex>
            <rowSpan>6</rowSpan>
        </dashboardGridComponents>
        <dashboardGridComponents>
            <colSpan>3</colSpan>
            <columnIndex>0</columnIndex>
            <dashboardComponent>
                <autoselectColumnsFromReport>false</autoselectColumnsFromReport>
                <componentType>FlexTable</componentType>
                <flexComponentProperties>
                    <flexTableColumn>
                        <reportColumn>SalesStat__c.Market__c</reportColumn>
                        <showTotal>false</showTotal>
                        <type>detail</type>
                    </flexTableColumn>
                    <flexTableColumn>
                        <reportColumn>SalesStat__c.Product__c</reportColumn>
                        <showTotal>false</showTotal>
                        <type>detail</type>
                    </flexTableColumn>
                    <flexTableColumn>
                        <reportColumn>SalesStat__c.SalesMade__c</reportColumn>
                        <showTotal>false</showTotal>
                        <type>detail</type>
                    </flexTableColumn>
                    <flexTableColumn>
                        <reportColumn>SalesStat__c.Goal__c</reportColumn>
                        <showTotal>false</showTotal>
                        <type>detail</type>
                    </flexTableColumn>
                    <flexTableSortInfo>
                        <sortColumn>SalesStat__c.Market__c</sortColumn>
                        <sortOrder>1</sortOrder>
                    </flexTableSortInfo>
                    <hideChatterPhotos>true</hideChatterPhotos>
                </flexComponentProperties>
                <header>Contador</header>
                <report>Sales_Rep_Dashboard_Reports/Contador</report>
            </dashboardComponent>
            <rowIndex>6</rowIndex>
            <rowSpan>6</rowSpan>
        </dashboardGridComponents>
        <dashboardGridComponents>
            <colSpan>3</colSpan>
            <columnIndex>3</columnIndex>
            <dashboardComponent>
                <autoselectColumnsFromReport>false</autoselectColumnsFromReport>
                <chartAxisRange>Auto</chartAxisRange>
                <chartSummary>
                    <axisBinding>y</axisBinding>
                    <column>FORMULA1</column>
                </chartSummary>
                <componentType>BarGrouped</componentType>
                <displayUnits>Integer</displayUnits>
                <drillEnabled>false</drillEnabled>
                <drillToDetailEnabled>false</drillToDetailEnabled>
                <enableHover>false</enableHover>
                <expandOthers>false</expandOthers>
                <groupingColumn>Opportunity.Market__c</groupingColumn>
                <groupingColumn>RECORDTYPE</groupingColumn>
                <header>Pending PQ and RES</header>
                <legendPosition>Bottom</legendPosition>
                <report>SM_Overview/Pending_Reservations_SM</report>
                <showPercentage>false</showPercentage>
                <showValues>true</showValues>
                <sortBy>RowValueDescending</sortBy>
                <useReportChart>false</useReportChart>
            </dashboardComponent>
            <rowIndex>6</rowIndex>
            <rowSpan>6</rowSpan>
        </dashboardGridComponents>
        <dashboardGridComponents>
            <colSpan>3</colSpan>
            <columnIndex>6</columnIndex>
            <dashboardComponent>
                <autoselectColumnsFromReport>true</autoselectColumnsFromReport>
                <componentType>Table</componentType>
                <displayUnits>Integer</displayUnits>
                <drillEnabled>false</drillEnabled>
                <drillToDetailEnabled>false</drillToDetailEnabled>
                <header>Reached Call Rate This Week</header>
                <indicatorHighColor>#00716B</indicatorHighColor>
                <indicatorLowColor>#C23934</indicatorLowColor>
                <indicatorMiddleColor>#FFB75D</indicatorMiddleColor>
                <report>SM_Overview/Reached_Call_Rate_SM</report>
                <showPicturesOnTables>false</showPicturesOnTables>
                <sortBy>RowValueDescending</sortBy>
            </dashboardComponent>
            <rowIndex>6</rowIndex>
            <rowSpan>3</rowSpan>
        </dashboardGridComponents>
        <dashboardGridComponents>
            <colSpan>3</colSpan>
            <columnIndex>6</columnIndex>
            <dashboardComponent>
                <autoselectColumnsFromReport>false</autoselectColumnsFromReport>
                <chartAxisRange>Auto</chartAxisRange>
                <chartSummary>
                    <axisBinding>y</axisBinding>
                    <column>FORMULA1</column>
                </chartSummary>
                <componentType>Bar</componentType>
                <displayUnits>Integer</displayUnits>
                <drillEnabled>false</drillEnabled>
                <drillToDetailEnabled>false</drillToDetailEnabled>
                <enableHover>false</enableHover>
                <expandOthers>false</expandOthers>
                <groupingColumn>Opportunity.Market__c</groupingColumn>
                <header>Hot List</header>
                <legendPosition>Bottom</legendPosition>
                <report>SM_Overview/Hot_List1</report>
                <showPercentage>false</showPercentage>
                <showPicturesOnCharts>false</showPicturesOnCharts>
                <showValues>true</showValues>
                <sortBy>RowValueDescending</sortBy>
                <useReportChart>false</useReportChart>
            </dashboardComponent>
            <rowIndex>9</rowIndex>
            <rowSpan>3</rowSpan>
        </dashboardGridComponents>
        <numberOfColumns>9</numberOfColumns>
        <rowHeight>80</rowHeight>
    </dashboardGridLayout>
    <dashboardType>LoggedInUser</dashboardType>
    <isGridLayout>true</isGridLayout>
    <textColor>#000000</textColor>
    <title>Manager Overview</title>
    <titleColor>#000000</titleColor>
    <titleSize>12</titleSize>
</Dashboard>
