<?xml version="1.0" encoding="UTF-8"?>
<Dashboard xmlns="http://soap.sforce.com/2006/04/metadata">
    <backgroundEndColor>#FFFFFF</backgroundEndColor>
    <backgroundFadeDirection>Diagonal</backgroundFadeDirection>
    <backgroundStartColor>#FFFFFF</backgroundStartColor>
    <dashboardGridLayout>
        <dashboardGridComponents>
            <colSpan>2</colSpan>
            <columnIndex>0</columnIndex>
            <dashboardComponent>
                <autoselectColumnsFromReport>false</autoselectColumnsFromReport>
                <chartAxisRange>Auto</chartAxisRange>
                <chartSummary>
                    <axisBinding>y</axisBinding>
                    <column>RowCount</column>
                </chartSummary>
                <componentType>Bar</componentType>
                <drillEnabled>false</drillEnabled>
                <drillToDetailEnabled>false</drillToDetailEnabled>
                <enableHover>false</enableHover>
                <expandOthers>false</expandOthers>
                <groupingColumn>BucketField_28935581</groupingColumn>
                <header>Customers to Contact Today</header>
                <legendPosition>Bottom</legendPosition>
                <report>Sales_Rep_Dashboard_Reports/Overview_by_Next_Call_Type</report>
                <showPercentage>false</showPercentage>
                <showPicturesOnCharts>false</showPicturesOnCharts>
                <showValues>true</showValues>
                <sortBy>RowValueDescending</sortBy>
                <useReportChart>false</useReportChart>
            </dashboardComponent>
            <rowIndex>0</rowIndex>
            <rowSpan>4</rowSpan>
        </dashboardGridComponents>
        <dashboardGridComponents>
            <colSpan>2</colSpan>
            <columnIndex>2</columnIndex>
            <dashboardComponent>
                <autoselectColumnsFromReport>false</autoselectColumnsFromReport>
                <chartSummary>
                    <column>RowCount</column>
                </chartSummary>
                <componentType>Metric</componentType>
                <displayUnits>Integer</displayUnits>
                <footer>Includes Calls Reached and Not Reached</footer>
                <header>Calls Made Today</header>
                <indicatorBreakpoint1>30.0</indicatorBreakpoint1>
                <indicatorBreakpoint2>60.0</indicatorBreakpoint2>
                <indicatorHighColor>#00716B</indicatorHighColor>
                <indicatorLowColor>#C23934</indicatorLowColor>
                <indicatorMiddleColor>#FFB75D</indicatorMiddleColor>
                <report>Sales_Rep_Dashboard_Reports/Calls_Made</report>
                <showRange>false</showRange>
            </dashboardComponent>
            <rowIndex>0</rowIndex>
            <rowSpan>2</rowSpan>
        </dashboardGridComponents>
        <dashboardGridComponents>
            <colSpan>3</colSpan>
            <columnIndex>4</columnIndex>
            <dashboardComponent>
                <autoselectColumnsFromReport>false</autoselectColumnsFromReport>
                <chartSummary>
                    <axisBinding>y</axisBinding>
                    <column>FORMULA1</column>
                </chartSummary>
                <componentType>Gauge</componentType>
                <displayUnits>Integer</displayUnits>
                <gaugeMax>100.0</gaugeMax>
                <gaugeMin>0.0</gaugeMin>
                <header>Reached Call Rate This Week</header>
                <indicatorBreakpoint1>20.0</indicatorBreakpoint1>
                <indicatorBreakpoint2>40.0</indicatorBreakpoint2>
                <indicatorHighColor>#00716B</indicatorHighColor>
                <indicatorLowColor>#C23934</indicatorLowColor>
                <indicatorMiddleColor>#FFB75D</indicatorMiddleColor>
                <report>Sales_Rep_Dashboard_Reports/Reached_Call_Rate</report>
                <showPercentage>false</showPercentage>
                <showRange>false</showRange>
                <showTotal>true</showTotal>
                <showValues>false</showValues>
            </dashboardComponent>
            <rowIndex>0</rowIndex>
            <rowSpan>4</rowSpan>
        </dashboardGridComponents>
        <dashboardGridComponents>
            <colSpan>2</colSpan>
            <columnIndex>7</columnIndex>
            <dashboardComponent>
                <autoselectColumnsFromReport>true</autoselectColumnsFromReport>
                <componentType>Table</componentType>
                <drillEnabled>false</drillEnabled>
                <drillToDetailEnabled>false</drillToDetailEnabled>
                <footer>Includes Calls Reached and Not Reached</footer>
                <header>Leaderboard Calls Made This Week</header>
                <indicatorBreakpoint1>100.0</indicatorBreakpoint1>
                <indicatorBreakpoint2>300.0</indicatorBreakpoint2>
                <indicatorHighColor>#00716B</indicatorHighColor>
                <indicatorLowColor>#C23934</indicatorLowColor>
                <indicatorMiddleColor>#FFB75D</indicatorMiddleColor>
                <report>Sales_Rep_Dashboard_Reports/Leaderboard_Calls_Made</report>
                <showPicturesOnTables>false</showPicturesOnTables>
                <sortBy>RowValueDescending</sortBy>
            </dashboardComponent>
            <rowIndex>0</rowIndex>
            <rowSpan>6</rowSpan>
        </dashboardGridComponents>
        <dashboardGridComponents>
            <colSpan>2</colSpan>
            <columnIndex>2</columnIndex>
            <dashboardComponent>
                <autoselectColumnsFromReport>false</autoselectColumnsFromReport>
                <chartSummary>
                    <column>RowCount</column>
                </chartSummary>
                <componentType>Metric</componentType>
                <displayUnits>Integer</displayUnits>
                <footer>Includes Any Reached Action</footer>
                <header>Reached Actions Today</header>
                <indicatorBreakpoint1>10.0</indicatorBreakpoint1>
                <indicatorBreakpoint2>40.0</indicatorBreakpoint2>
                <indicatorHighColor>#00716B</indicatorHighColor>
                <indicatorLowColor>#C23934</indicatorLowColor>
                <indicatorMiddleColor>#FFB75D</indicatorMiddleColor>
                <report>Sales_Rep_Dashboard_Reports/Reached_Actions</report>
                <showRange>false</showRange>
            </dashboardComponent>
            <rowIndex>2</rowIndex>
            <rowSpan>2</rowSpan>
        </dashboardGridComponents>
        <dashboardGridComponents>
            <colSpan>2</colSpan>
            <columnIndex>0</columnIndex>
            <dashboardComponent>
                <autoselectColumnsFromReport>false</autoselectColumnsFromReport>
                <chartSummary>
                    <column>RowCount</column>
                </chartSummary>
                <componentType>Metric</componentType>
                <displayUnits>Integer</displayUnits>
                <header>Visits for Today</header>
                <indicatorBreakpoint1>0.0</indicatorBreakpoint1>
                <indicatorBreakpoint2>1.0</indicatorBreakpoint2>
                <indicatorHighColor>#00716B</indicatorHighColor>
                <indicatorLowColor>#C23934</indicatorLowColor>
                <indicatorMiddleColor>#FFB75D</indicatorMiddleColor>
                <report>Sales_Rep_Dashboard_Reports/Visit</report>
                <showRange>false</showRange>
            </dashboardComponent>
            <rowIndex>4</rowIndex>
            <rowSpan>2</rowSpan>
        </dashboardGridComponents>
        <dashboardGridComponents>
            <colSpan>2</colSpan>
            <columnIndex>2</columnIndex>
            <dashboardComponent>
                <autoselectColumnsFromReport>false</autoselectColumnsFromReport>
                <chartAxisRange>Auto</chartAxisRange>
                <chartSummary>
                    <axisBinding>y</axisBinding>
                    <column>RowCount</column>
                </chartSummary>
                <componentType>Bar</componentType>
                <drillEnabled>false</drillEnabled>
                <drillToDetailEnabled>false</drillToDetailEnabled>
                <enableHover>false</enableHover>
                <expandOthers>false</expandOthers>
                <groupingColumn>RECORDTYPE</groupingColumn>
                <header>Open PQ and RES Tasks</header>
                <legendPosition>Bottom</legendPosition>
                <report>Sales_Rep_Dashboard_Reports/PQ_RES_Tasks</report>
                <showPercentage>false</showPercentage>
                <showPicturesOnCharts>false</showPicturesOnCharts>
                <showValues>true</showValues>
                <sortBy>RowValueDescending</sortBy>
                <useReportChart>false</useReportChart>
            </dashboardComponent>
            <rowIndex>4</rowIndex>
            <rowSpan>4</rowSpan>
        </dashboardGridComponents>
        <dashboardGridComponents>
            <colSpan>3</colSpan>
            <columnIndex>4</columnIndex>
            <dashboardComponent>
                <autoselectColumnsFromReport>false</autoselectColumnsFromReport>
                <chartAxisRange>Auto</chartAxisRange>
                <chartSummary>
                    <axisBinding>y</axisBinding>
                    <column>RowCount</column>
                </chartSummary>
                <componentType>ColumnStacked</componentType>
                <drillEnabled>false</drillEnabled>
                <drillToDetailEnabled>false</drillToDetailEnabled>
                <enableHover>false</enableHover>
                <expandOthers>false</expandOthers>
                <footer>Info Meetings this Calendar Week</footer>
                <groupingColumn>Campaign.MeetingCity__c</groupingColumn>
                <groupingColumn>CAMPAIGN_NAME</groupingColumn>
                <header>Info Meetings</header>
                <legendPosition>Right</legendPosition>
                <report>Sales_Rep_Dashboard_Reports/Info_Meeting_Members</report>
                <showPercentage>false</showPercentage>
                <showValues>false</showValues>
                <sortBy>RowValueDescending</sortBy>
                <useReportChart>false</useReportChart>
            </dashboardComponent>
            <rowIndex>4</rowIndex>
            <rowSpan>4</rowSpan>
        </dashboardGridComponents>
        <dashboardGridComponents>
            <colSpan>2</colSpan>
            <columnIndex>0</columnIndex>
            <dashboardComponent>
                <autoselectColumnsFromReport>false</autoselectColumnsFromReport>
                <chartSummary>
                    <column>RowCount</column>
                </chartSummary>
                <componentType>Metric</componentType>
                <displayUnits>Integer</displayUnits>
                <header>Brochures to send</header>
                <indicatorBreakpoint1>50.0</indicatorBreakpoint1>
                <indicatorBreakpoint2>100.0</indicatorBreakpoint2>
                <indicatorHighColor>#C23934</indicatorHighColor>
                <indicatorLowColor>#00716B</indicatorLowColor>
                <indicatorMiddleColor>#FFB75D</indicatorMiddleColor>
                <report>Sales_Rep_Dashboard_Reports/Brochures_to_send</report>
                <showRange>false</showRange>
            </dashboardComponent>
            <rowIndex>6</rowIndex>
            <rowSpan>2</rowSpan>
        </dashboardGridComponents>
        <dashboardGridComponents>
            <colSpan>2</colSpan>
            <columnIndex>7</columnIndex>
            <dashboardComponent>
                <autoselectColumnsFromReport>false</autoselectColumnsFromReport>
                <chartSummary>
                    <column>RowCount</column>
                </chartSummary>
                <componentType>Metric</componentType>
                <displayUnits>Integer</displayUnits>
                <header>Dupes to Process</header>
                <indicatorBreakpoint1>5.0</indicatorBreakpoint1>
                <indicatorBreakpoint2>10.0</indicatorBreakpoint2>
                <indicatorHighColor>#800000</indicatorHighColor>
                <indicatorLowColor>#408080</indicatorLowColor>
                <indicatorMiddleColor>#FFB75D</indicatorMiddleColor>
                <report>Sales_Rep_Dashboard_Reports/Dupes_to_Process</report>
                <showRange>false</showRange>
            </dashboardComponent>
            <rowIndex>6</rowIndex>
            <rowSpan>2</rowSpan>
        </dashboardGridComponents>
        <numberOfColumns>9</numberOfColumns>
        <rowHeight>80</rowHeight>
    </dashboardGridLayout>
    <dashboardType>MyTeamUser</dashboardType>
    <isGridLayout>true</isGridLayout>
    <runningUser>anuj.kapoor@ef.com.lang</runningUser>
    <textColor>#000000</textColor>
    <title>My Overview</title>
    <titleColor>#000000</titleColor>
    <titleSize>12</titleSize>
</Dashboard>
