<?xml version="1.0" encoding="UTF-8"?>
<DuplicateRule xmlns="http://soap.sforce.com/2006/04/metadata" xmlns:xsi="http://www.w3.org/2001/XMLSchema-instance">
    <actionOnInsert>Allow</actionOnInsert>
    <actionOnUpdate>Allow</actionOnUpdate>
    <alertText>Use one of these records?</alertText>
    <description>Identify leads with duplicate contacts.</description>
    <duplicateRuleFilter xsi:nil="true"/>
    <duplicateRuleMatchRules>
        <matchRuleSObjectType>Contact</matchRuleSObjectType>
        <matchingRule>Standard_Contact_Match_Rule_v1_1</matchingRule>
        <objectMapping>
            <inputObject>Lead</inputObject>
            <mappingFields>
                <inputField>FirstName</inputField>
                <outputField>FirstName</outputField>
            </mappingFields>
            <mappingFields>
                <inputField>LastName</inputField>
                <outputField>LastName</outputField>
            </mappingFields>
            <mappingFields>
                <inputField>Phone</inputField>
                <outputField>Phone</outputField>
            </mappingFields>
            <mappingFields>
                <inputField>Email</inputField>
                <outputField>Email</outputField>
            </mappingFields>
            <mappingFields>
                <inputField>City</inputField>
                <outputField>MailingCity</outputField>
            </mappingFields>
            <mappingFields>
                <inputField>Street</inputField>
                <outputField>MailingStreet</outputField>
            </mappingFields>
            <mappingFields>
                <inputField>PostalCode</inputField>
                <outputField>MailingPostalCode</outputField>
            </mappingFields>
            <mappingFields>
                <inputField>Title</inputField>
                <outputField>Title</outputField>
            </mappingFields>
            <mappingFields>
                <inputField>Company</inputField>
                <outputField>AccountId</outputField>
            </mappingFields>
            <outputObject>Contact</outputObject>
        </objectMapping>
    </duplicateRuleMatchRules>
    <isActive>false</isActive>
    <masterLabel>Standard Rule for Leads with Duplicate Contacts</masterLabel>
    <operationsOnInsert>Alert</operationsOnInsert>
    <operationsOnInsert>Report</operationsOnInsert>
    <operationsOnUpdate>Report</operationsOnUpdate>
    <securityOption>EnforceSharingRules</securityOption>
    <sortOrder>2</sortOrder>
</DuplicateRule>
