<?xml version="1.0" encoding="UTF-8"?>
<Dashboard xmlns="http://soap.sforce.com/2006/04/metadata">
    <backgroundEndColor>#FFFFFF</backgroundEndColor>
    <backgroundFadeDirection>Diagonal</backgroundFadeDirection>
    <backgroundStartColor>#FFFFFF</backgroundStartColor>
    <dashboardGridLayout>
        <dashboardGridComponents>
            <colSpan>3</colSpan>
            <columnIndex>0</columnIndex>
            <dashboardComponent>
                <autoselectColumnsFromReport>true</autoselectColumnsFromReport>
                <componentType>Gauge</componentType>
                <displayUnits>Integer</displayUnits>
                <gaugeMin>0.0</gaugeMin>
                <header>PA with more than 1 active opportunity</header>
                <indicatorBreakpoint1>5.0</indicatorBreakpoint1>
                <indicatorBreakpoint2>20.0</indicatorBreakpoint2>
                <indicatorHighColor>#C23934</indicatorHighColor>
                <indicatorLowColor>#00716B</indicatorLowColor>
                <indicatorMiddleColor>#E2CE7D</indicatorMiddleColor>
                <report>AdminReports/ExPAHavingMultipleActiveOpportunities</report>
                <showPercentage>false</showPercentage>
                <showRange>false</showRange>
                <showTotal>true</showTotal>
                <showValues>false</showValues>
            </dashboardComponent>
            <rowIndex>0</rowIndex>
            <rowSpan>4</rowSpan>
        </dashboardGridComponents>
        <dashboardGridComponents>
            <colSpan>3</colSpan>
            <columnIndex>3</columnIndex>
            <dashboardComponent>
                <autoselectColumnsFromReport>true</autoselectColumnsFromReport>
                <componentType>Gauge</componentType>
                <displayUnits>Integer</displayUnits>
                <gaugeMin>0.0</gaugeMin>
                <header>PA - support team to create opportunity</header>
                <indicatorBreakpoint1>5.0</indicatorBreakpoint1>
                <indicatorBreakpoint2>20.0</indicatorBreakpoint2>
                <indicatorHighColor>#C23934</indicatorHighColor>
                <indicatorLowColor>#00716B</indicatorLowColor>
                <indicatorMiddleColor>#E2CE7D</indicatorMiddleColor>
                <report>AdminReports/ExPAToCreateOpportunity</report>
                <showPercentage>false</showPercentage>
                <showRange>false</showRange>
                <showTotal>true</showTotal>
                <showValues>false</showValues>
            </dashboardComponent>
            <rowIndex>0</rowIndex>
            <rowSpan>4</rowSpan>
        </dashboardGridComponents>
        <dashboardGridComponents>
            <colSpan>3</colSpan>
            <columnIndex>6</columnIndex>
            <dashboardComponent>
                <autoselectColumnsFromReport>true</autoselectColumnsFromReport>
                <componentType>Gauge</componentType>
                <displayUnits>Integer</displayUnits>
                <gaugeMin>0.0</gaugeMin>
                <header>Opportunities without system call task</header>
                <indicatorBreakpoint1>5.0</indicatorBreakpoint1>
                <indicatorBreakpoint2>20.0</indicatorBreakpoint2>
                <indicatorHighColor>#C23934</indicatorHighColor>
                <indicatorLowColor>#00716B</indicatorLowColor>
                <indicatorMiddleColor>#E2CE7D</indicatorMiddleColor>
                <report>AdminReports/ExOpenOpportunitiesWOSystemCallTask</report>
                <showPercentage>false</showPercentage>
                <showRange>false</showRange>
                <showTotal>true</showTotal>
                <showValues>false</showValues>
            </dashboardComponent>
            <rowIndex>0</rowIndex>
            <rowSpan>4</rowSpan>
        </dashboardGridComponents>
        <dashboardGridComponents>
            <colSpan>3</colSpan>
            <columnIndex>0</columnIndex>
            <dashboardComponent>
                <autoselectColumnsFromReport>true</autoselectColumnsFromReport>
                <componentType>Gauge</componentType>
                <displayUnits>Integer</displayUnits>
                <gaugeMin>0.0</gaugeMin>
                <header>Opportunities without creation method</header>
                <indicatorBreakpoint1>5.0</indicatorBreakpoint1>
                <indicatorBreakpoint2>20.0</indicatorBreakpoint2>
                <indicatorHighColor>#C23934</indicatorHighColor>
                <indicatorLowColor>#00716B</indicatorLowColor>
                <indicatorMiddleColor>#E2CE7D</indicatorMiddleColor>
                <report>AdminReports/ExOpportunitiesWOCreationMethod</report>
                <showPercentage>false</showPercentage>
                <showRange>false</showRange>
                <showTotal>true</showTotal>
                <showValues>false</showValues>
            </dashboardComponent>
            <rowIndex>4</rowIndex>
            <rowSpan>4</rowSpan>
        </dashboardGridComponents>
        <dashboardGridComponents>
            <colSpan>3</colSpan>
            <columnIndex>3</columnIndex>
            <dashboardComponent>
                <autoselectColumnsFromReport>true</autoselectColumnsFromReport>
                <componentType>Gauge</componentType>
                <displayUnits>Integer</displayUnits>
                <gaugeMin>0.0</gaugeMin>
                <header>Opportunities without Rank</header>
                <indicatorBreakpoint1>5.0</indicatorBreakpoint1>
                <indicatorBreakpoint2>20.0</indicatorBreakpoint2>
                <indicatorHighColor>#C23934</indicatorHighColor>
                <indicatorLowColor>#00716B</indicatorLowColor>
                <indicatorMiddleColor>#E2CE7D</indicatorMiddleColor>
                <report>AdminReports/ExOpportunitiesWORank</report>
                <showPercentage>false</showPercentage>
                <showRange>false</showRange>
                <showTotal>true</showTotal>
                <showValues>false</showValues>
            </dashboardComponent>
            <rowIndex>4</rowIndex>
            <rowSpan>4</rowSpan>
        </dashboardGridComponents>
        <dashboardGridComponents>
            <colSpan>3</colSpan>
            <columnIndex>6</columnIndex>
            <dashboardComponent>
                <autoselectColumnsFromReport>true</autoselectColumnsFromReport>
                <componentType>Gauge</componentType>
                <displayUnits>Integer</displayUnits>
                <gaugeMin>0.0</gaugeMin>
                <header>Opportunities without request type</header>
                <indicatorBreakpoint1>5.0</indicatorBreakpoint1>
                <indicatorBreakpoint2>20.0</indicatorBreakpoint2>
                <indicatorHighColor>#C23934</indicatorHighColor>
                <indicatorLowColor>#00716B</indicatorLowColor>
                <indicatorMiddleColor>#E2CE7D</indicatorMiddleColor>
                <report>AdminReports/ExOpportunityWithBlankRequestType</report>
                <showPercentage>false</showPercentage>
                <showRange>false</showRange>
                <showTotal>true</showTotal>
                <showValues>false</showValues>
            </dashboardComponent>
            <rowIndex>4</rowIndex>
            <rowSpan>4</rowSpan>
        </dashboardGridComponents>
        <dashboardGridComponents>
            <colSpan>3</colSpan>
            <columnIndex>0</columnIndex>
            <dashboardComponent>
                <autoselectColumnsFromReport>true</autoselectColumnsFromReport>
                <componentType>Gauge</componentType>
                <displayUnits>Integer</displayUnits>
                <gaugeMin>0.0</gaugeMin>
                <header>Leads waiting to convert</header>
                <indicatorBreakpoint1>5.0</indicatorBreakpoint1>
                <indicatorBreakpoint2>20.0</indicatorBreakpoint2>
                <indicatorHighColor>#C23934</indicatorHighColor>
                <indicatorLowColor>#00716B</indicatorLowColor>
                <indicatorMiddleColor>#E2CE7D</indicatorMiddleColor>
                <report>AdminReports/ExLeadNotConvertedNorway</report>
                <showPercentage>false</showPercentage>
                <showRange>false</showRange>
                <showTotal>true</showTotal>
                <showValues>false</showValues>
            </dashboardComponent>
            <rowIndex>8</rowIndex>
            <rowSpan>4</rowSpan>
        </dashboardGridComponents>
        <dashboardGridComponents>
            <colSpan>3</colSpan>
            <columnIndex>3</columnIndex>
            <dashboardComponent>
                <autoselectColumnsFromReport>true</autoselectColumnsFromReport>
                <componentType>Gauge</componentType>
                <displayUnits>Integer</displayUnits>
                <gaugeMin>0.0</gaugeMin>
                <header>Leads waiting to dupe process</header>
                <indicatorBreakpoint1>5.0</indicatorBreakpoint1>
                <indicatorBreakpoint2>20.0</indicatorBreakpoint2>
                <indicatorHighColor>#C23934</indicatorHighColor>
                <indicatorLowColor>#00716B</indicatorLowColor>
                <indicatorMiddleColor>#E2CE7D</indicatorMiddleColor>
                <report>AdminReports/ExLeadNotDupeProcessed</report>
                <showPercentage>false</showPercentage>
                <showRange>false</showRange>
                <showTotal>true</showTotal>
                <showValues>false</showValues>
            </dashboardComponent>
            <rowIndex>8</rowIndex>
            <rowSpan>4</rowSpan>
        </dashboardGridComponents>
        <dashboardGridComponents>
            <colSpan>3</colSpan>
            <columnIndex>6</columnIndex>
            <dashboardComponent>
                <autoselectColumnsFromReport>true</autoselectColumnsFromReport>
                <componentType>Gauge</componentType>
                <displayUnits>Integer</displayUnits>
                <gaugeMin>0.0</gaugeMin>
                <header>Leads waiting for rank</header>
                <indicatorBreakpoint1>5.0</indicatorBreakpoint1>
                <indicatorBreakpoint2>20.0</indicatorBreakpoint2>
                <indicatorHighColor>#C23934</indicatorHighColor>
                <indicatorLowColor>#00716B</indicatorLowColor>
                <indicatorMiddleColor>#E2CE7D</indicatorMiddleColor>
                <report>AdminReports/ExLeadsNotRankedYet</report>
                <showPercentage>false</showPercentage>
                <showRange>false</showRange>
                <showTotal>true</showTotal>
                <showValues>false</showValues>
            </dashboardComponent>
            <rowIndex>8</rowIndex>
            <rowSpan>4</rowSpan>
        </dashboardGridComponents>
        <dashboardGridComponents>
            <colSpan>3</colSpan>
            <columnIndex>0</columnIndex>
            <dashboardComponent>
                <autoselectColumnsFromReport>true</autoselectColumnsFromReport>
                <componentType>Gauge</componentType>
                <displayUnits>Integer</displayUnits>
                <gaugeMin>0.0</gaugeMin>
                <header>Leads waiting for manual merge</header>
                <indicatorBreakpoint1>5.0</indicatorBreakpoint1>
                <indicatorBreakpoint2>20.0</indicatorBreakpoint2>
                <indicatorHighColor>#C23934</indicatorHighColor>
                <indicatorLowColor>#00716B</indicatorLowColor>
                <indicatorMiddleColor>#E2CE7D</indicatorMiddleColor>
                <report>AdminReports/ExLeadsWaitingForManualMerge</report>
                <showPercentage>false</showPercentage>
                <showRange>false</showRange>
                <showTotal>true</showTotal>
                <showValues>false</showValues>
            </dashboardComponent>
            <rowIndex>12</rowIndex>
            <rowSpan>4</rowSpan>
        </dashboardGridComponents>
        <dashboardGridComponents>
            <colSpan>3</colSpan>
            <columnIndex>3</columnIndex>
            <dashboardComponent>
                <autoselectColumnsFromReport>true</autoselectColumnsFromReport>
                <componentType>Gauge</componentType>
                <displayUnits>Integer</displayUnits>
                <gaugeMin>0.0</gaugeMin>
                <header>Leads with blank creation method</header>
                <indicatorBreakpoint1>5.0</indicatorBreakpoint1>
                <indicatorBreakpoint2>20.0</indicatorBreakpoint2>
                <indicatorHighColor>#C23934</indicatorHighColor>
                <indicatorLowColor>#00716B</indicatorLowColor>
                <indicatorMiddleColor>#E2CE7D</indicatorMiddleColor>
                <report>AdminReports/ExLeadsWithBlankCreationMethod</report>
                <showPercentage>false</showPercentage>
                <showRange>false</showRange>
                <showTotal>true</showTotal>
                <showValues>false</showValues>
            </dashboardComponent>
            <rowIndex>12</rowIndex>
            <rowSpan>4</rowSpan>
        </dashboardGridComponents>
        <dashboardGridComponents>
            <colSpan>3</colSpan>
            <columnIndex>6</columnIndex>
            <dashboardComponent>
                <autoselectColumnsFromReport>true</autoselectColumnsFromReport>
                <componentType>Gauge</componentType>
                <displayUnits>Integer</displayUnits>
                <gaugeMin>0.0</gaugeMin>
                <header>Leads with blank request type</header>
                <indicatorBreakpoint1>5.0</indicatorBreakpoint1>
                <indicatorBreakpoint2>20.0</indicatorBreakpoint2>
                <indicatorHighColor>#C23934</indicatorHighColor>
                <indicatorLowColor>#00716B</indicatorLowColor>
                <indicatorMiddleColor>#E2CE7D</indicatorMiddleColor>
                <report>AdminReports/ExLeadsWithBlankRequestType</report>
                <showPercentage>false</showPercentage>
                <showRange>false</showRange>
                <showTotal>true</showTotal>
                <showValues>false</showValues>
            </dashboardComponent>
            <rowIndex>12</rowIndex>
            <rowSpan>4</rowSpan>
        </dashboardGridComponents>
        <dashboardGridComponents>
            <colSpan>3</colSpan>
            <columnIndex>0</columnIndex>
            <dashboardComponent>
                <autoselectColumnsFromReport>false</autoselectColumnsFromReport>
                <componentType>FlexTable</componentType>
                <flexComponentProperties>
                    <flexTableColumn>
                        <reportColumn>OPPORTUNITY_NAME</reportColumn>
                        <showTotal>false</showTotal>
                        <type>detail</type>
                    </flexTableColumn>
                    <flexTableColumn>
                        <reportColumn>STAGE_NAME</reportColumn>
                        <showTotal>false</showTotal>
                        <type>detail</type>
                    </flexTableColumn>
                    <flexTableColumn>
                        <reportColumn>Opportunity.FollowupDateTime__c</reportColumn>
                        <showTotal>false</showTotal>
                        <type>detail</type>
                    </flexTableColumn>
                    <flexTableSortInfo>
                        <sortColumn>OPPORTUNITY_NAME</sortColumn>
                        <sortOrder>1</sortOrder>
                    </flexTableSortInfo>
                    <hideChatterPhotos>true</hideChatterPhotos>
                </flexComponentProperties>
                <header>Opps which should not be In Active</header>
                <report>AdminReports/Opps_which_should_not_be_In_Active</report>
            </dashboardComponent>
            <rowIndex>16</rowIndex>
            <rowSpan>4</rowSpan>
        </dashboardGridComponents>
        <dashboardGridComponents>
            <colSpan>3</colSpan>
            <columnIndex>3</columnIndex>
            <dashboardComponent>
                <autoselectColumnsFromReport>false</autoselectColumnsFromReport>
                <chartAxisRange>Auto</chartAxisRange>
                <chartSummary>
                    <axisBinding>y</axisBinding>
                    <column>RowCount</column>
                </chartSummary>
                <componentType>Bar</componentType>
                <drillEnabled>false</drillEnabled>
                <drillToDetailEnabled>false</drillToDetailEnabled>
                <enableHover>false</enableHover>
                <expandOthers>false</expandOthers>
                <groupingColumn>Opportunity.Ranking__c</groupingColumn>
                <header>Opportunity by rank</header>
                <legendPosition>Bottom</legendPosition>
                <report>AdminReports/Opportunity_by_rank</report>
                <showPercentage>false</showPercentage>
                <showPicturesOnCharts>false</showPicturesOnCharts>
                <showValues>true</showValues>
                <sortBy>RowLabelAscending</sortBy>
                <useReportChart>false</useReportChart>
            </dashboardComponent>
            <rowIndex>16</rowIndex>
            <rowSpan>4</rowSpan>
        </dashboardGridComponents>
        <dashboardGridComponents>
            <colSpan>3</colSpan>
            <columnIndex>6</columnIndex>
            <dashboardComponent>
                <autoselectColumnsFromReport>false</autoselectColumnsFromReport>
                <chartSummary>
                    <axisBinding>y</axisBinding>
                    <column>RowCount</column>
                </chartSummary>
                <componentChartTheme>light</componentChartTheme>
                <componentType>Gauge</componentType>
                <displayUnits>Integer</displayUnits>
                <gaugeMax>100.0</gaugeMax>
                <gaugeMin>0.0</gaugeMin>
                <header>Opportunities that did not get revived</header>
                <indicatorBreakpoint1>5.0</indicatorBreakpoint1>
                <indicatorBreakpoint2>20.0</indicatorBreakpoint2>
                <indicatorHighColor>#C23934</indicatorHighColor>
                <indicatorLowColor>#00716B</indicatorLowColor>
                <indicatorMiddleColor>#FFB75D</indicatorMiddleColor>
                <report>AdminReports/Closed_Opp_w_Open_SCT</report>
                <showPercentage>false</showPercentage>
                <showRange>false</showRange>
                <showTotal>true</showTotal>
                <showValues>false</showValues>
            </dashboardComponent>
            <rowIndex>16</rowIndex>
            <rowSpan>4</rowSpan>
        </dashboardGridComponents>
        <dashboardGridComponents>
            <colSpan>3</colSpan>
            <columnIndex>0</columnIndex>
            <dashboardComponent>
                <autoselectColumnsFromReport>false</autoselectColumnsFromReport>
                <chartSummary>
                    <axisBinding>y</axisBinding>
                    <column>RowCount</column>
                </chartSummary>
                <componentType>Gauge</componentType>
                <displayUnits>Integer</displayUnits>
                <gaugeMax>100.0</gaugeMax>
                <gaugeMin>0.0</gaugeMin>
                <header>Assigned to None-Sales User</header>
                <indicatorBreakpoint1>5.0</indicatorBreakpoint1>
                <indicatorBreakpoint2>15.0</indicatorBreakpoint2>
                <indicatorHighColor>#C23934</indicatorHighColor>
                <indicatorLowColor>#008080</indicatorLowColor>
                <indicatorMiddleColor>#FFB75D</indicatorMiddleColor>
                <report>AdminReports/AssignedtoNoneSalesUser</report>
                <showPercentage>false</showPercentage>
                <showRange>false</showRange>
                <showTotal>true</showTotal>
                <showValues>false</showValues>
            </dashboardComponent>
            <rowIndex>20</rowIndex>
            <rowSpan>4</rowSpan>
        </dashboardGridComponents>
        <dashboardGridComponents>
            <colSpan>3</colSpan>
            <columnIndex>3</columnIndex>
            <dashboardComponent>
                <autoselectColumnsFromReport>false</autoselectColumnsFromReport>
                <chartSummary>
                    <axisBinding>y</axisBinding>
                    <column>RowCount</column>
                </chartSummary>
                <componentType>Gauge</componentType>
                <displayUnits>Integer</displayUnits>
                <gaugeMax>1000.0</gaugeMax>
                <gaugeMin>0.0</gaugeMin>
                <header>Meeting members w/o Opportunity</header>
                <indicatorBreakpoint1>20.0</indicatorBreakpoint1>
                <indicatorBreakpoint2>50.0</indicatorBreakpoint2>
                <indicatorHighColor>#FF0000</indicatorHighColor>
                <indicatorLowColor>#008000</indicatorLowColor>
                <indicatorMiddleColor>#FFB75D</indicatorMiddleColor>
                <report>AdminReports/Meeting_members_w_o_OpportunityID</report>
                <showPercentage>false</showPercentage>
                <showRange>true</showRange>
                <showTotal>true</showTotal>
                <showValues>false</showValues>
            </dashboardComponent>
            <rowIndex>20</rowIndex>
            <rowSpan>4</rowSpan>
        </dashboardGridComponents>
        <dashboardGridComponents>
            <colSpan>2</colSpan>
            <columnIndex>6</columnIndex>
            <dashboardComponent>
                <autoselectColumnsFromReport>false</autoselectColumnsFromReport>
                <chartSummary>
                    <column>RowCount</column>
                </chartSummary>
                <componentType>Metric</componentType>
                <displayUnits>Integer</displayUnits>
                <header>Opportunity Without Program</header>
                <indicatorBreakpoint1>33.0</indicatorBreakpoint1>
                <indicatorBreakpoint2>67.0</indicatorBreakpoint2>
                <indicatorHighColor>#00716B</indicatorHighColor>
                <indicatorLowColor>#C23934</indicatorLowColor>
                <indicatorMiddleColor>#FFB75D</indicatorMiddleColor>
                <report>AdminReports/Opportunity_Without_Program</report>
                <showRange>false</showRange>
            </dashboardComponent>
            <rowIndex>20</rowIndex>
            <rowSpan>2</rowSpan>
        </dashboardGridComponents>
        <numberOfColumns>9</numberOfColumns>
        <rowHeight>80</rowHeight>
    </dashboardGridLayout>
    <dashboardType>SpecifiedUser</dashboardType>
    <isGridLayout>true</isGridLayout>
    <runningUser>harsh.mathur@ef.com.lang</runningUser>
    <textColor>#000000</textColor>
    <title>AdminMonitoringDashboard</title>
    <titleColor>#000000</titleColor>
    <titleSize>12</titleSize>
</Dashboard>
