<?xml version="1.0" encoding="UTF-8"?>
<Dashboard xmlns="http://soap.sforce.com/2006/04/metadata">
    <backgroundEndColor>#FFFFFF</backgroundEndColor>
    <backgroundFadeDirection>Diagonal</backgroundFadeDirection>
    <backgroundStartColor>#FFFFFF</backgroundStartColor>
    <dashboardType>SpecifiedUser</dashboardType>
    <isGridLayout>false</isGridLayout>
    <leftSection>
        <columnSize>Medium</columnSize>
        <components>
            <autoselectColumnsFromReport>true</autoselectColumnsFromReport>
            <componentType>Gauge</componentType>
            <displayUnits>Integer</displayUnits>
            <gaugeMax>3.0</gaugeMax>
            <gaugeMin>0.0</gaugeMin>
            <header>Migrated Person Accounts</header>
            <indicatorBreakpoint1>1.0</indicatorBreakpoint1>
            <indicatorBreakpoint2>2.0</indicatorBreakpoint2>
            <indicatorHighColor>#54C254</indicatorHighColor>
            <indicatorLowColor>#C25454</indicatorLowColor>
            <indicatorMiddleColor>#C2C254</indicatorMiddleColor>
            <report>AdminReports/MigratedAccounts</report>
            <showPercentage>false</showPercentage>
            <showTotal>true</showTotal>
            <showValues>false</showValues>
        </components>
        <components>
            <autoselectColumnsFromReport>true</autoselectColumnsFromReport>
            <componentType>Gauge</componentType>
            <displayUnits>Integer</displayUnits>
            <gaugeMax>3.0</gaugeMax>
            <gaugeMin>0.0</gaugeMin>
            <header>Migrated Events</header>
            <indicatorBreakpoint1>1.0</indicatorBreakpoint1>
            <indicatorBreakpoint2>2.0</indicatorBreakpoint2>
            <indicatorHighColor>#54C254</indicatorHighColor>
            <indicatorLowColor>#C25454</indicatorLowColor>
            <indicatorMiddleColor>#C2C254</indicatorMiddleColor>
            <report>AdminReports/MigratedEvents</report>
            <showPercentage>false</showPercentage>
            <showTotal>true</showTotal>
            <showValues>false</showValues>
        </components>
    </leftSection>
    <middleSection>
        <columnSize>Medium</columnSize>
        <components>
            <autoselectColumnsFromReport>true</autoselectColumnsFromReport>
            <componentType>Gauge</componentType>
            <displayUnits>Integer</displayUnits>
            <gaugeMax>3.0</gaugeMax>
            <gaugeMin>0.0</gaugeMin>
            <header>Migrated Opportunities</header>
            <indicatorBreakpoint1>1.0</indicatorBreakpoint1>
            <indicatorBreakpoint2>2.0</indicatorBreakpoint2>
            <indicatorHighColor>#54C254</indicatorHighColor>
            <indicatorLowColor>#C25454</indicatorLowColor>
            <indicatorMiddleColor>#C2C254</indicatorMiddleColor>
            <report>AdminReports/MigratedOpportunities</report>
            <showPercentage>false</showPercentage>
            <showTotal>true</showTotal>
            <showValues>false</showValues>
        </components>
        <components>
            <autoselectColumnsFromReport>true</autoselectColumnsFromReport>
            <componentType>Gauge</componentType>
            <displayUnits>Integer</displayUnits>
            <gaugeMax>3.0</gaugeMax>
            <gaugeMin>0.0</gaugeMin>
            <header>Migrated Tasks</header>
            <indicatorBreakpoint1>1.0</indicatorBreakpoint1>
            <indicatorBreakpoint2>2.0</indicatorBreakpoint2>
            <indicatorHighColor>#54C254</indicatorHighColor>
            <indicatorLowColor>#C25454</indicatorLowColor>
            <indicatorMiddleColor>#C2C254</indicatorMiddleColor>
            <report>AdminReports/MigratedTasks</report>
            <showPercentage>false</showPercentage>
            <showTotal>true</showTotal>
            <showValues>false</showValues>
        </components>
    </middleSection>
    <rightSection>
        <columnSize>Medium</columnSize>
        <components>
            <autoselectColumnsFromReport>true</autoselectColumnsFromReport>
            <componentType>Gauge</componentType>
            <displayUnits>Integer</displayUnits>
            <gaugeMax>3.0</gaugeMax>
            <gaugeMin>0.0</gaugeMin>
            <header>Migrated Leads</header>
            <indicatorBreakpoint1>1.0</indicatorBreakpoint1>
            <indicatorBreakpoint2>2.0</indicatorBreakpoint2>
            <indicatorHighColor>#54C254</indicatorHighColor>
            <indicatorLowColor>#C25454</indicatorLowColor>
            <indicatorMiddleColor>#C2C254</indicatorMiddleColor>
            <report>AdminReports/MigratedLeads</report>
            <showPercentage>false</showPercentage>
            <showTotal>true</showTotal>
            <showValues>false</showValues>
        </components>
        <components>
            <autoselectColumnsFromReport>true</autoselectColumnsFromReport>
            <componentType>Gauge</componentType>
            <displayUnits>Integer</displayUnits>
            <gaugeMax>3.0</gaugeMax>
            <gaugeMin>0.0</gaugeMin>
            <header>Migrated InfoMeetings</header>
            <indicatorBreakpoint1>1.0</indicatorBreakpoint1>
            <indicatorBreakpoint2>2.0</indicatorBreakpoint2>
            <indicatorHighColor>#54C254</indicatorHighColor>
            <indicatorLowColor>#C25454</indicatorLowColor>
            <indicatorMiddleColor>#C2C254</indicatorMiddleColor>
            <report>AdminReports/MigratedInfoMeetings</report>
            <showPercentage>false</showPercentage>
            <showTotal>true</showTotal>
            <showValues>false</showValues>
        </components>
    </rightSection>
    <runningUser>harsh.mathur@ef.com.lang</runningUser>
    <textColor>#000000</textColor>
    <title>Migration Dashboard</title>
    <titleColor>#000000</titleColor>
    <titleSize>12</titleSize>
</Dashboard>
