<?xml version="1.0" encoding="UTF-8"?>
<CustomMetadata xmlns="http://soap.sforce.com/2006/04/metadata" xmlns:xsi="http://www.w3.org/2001/XMLSchema-instance" xmlns:xsd="http://www.w3.org/2001/XMLSchema">
    <label>First Name</label>
    <protected>false</protected>
    <values>
        <field>AccountAPIName__c</field>
        <value xsi:type="xsd:string">FirstName</value>
    </values>
    <values>
        <field>IsMandatoryOnAccount__c</field>
        <value xsi:type="xsd:boolean">true</value>
    </values>
    <values>
        <field>PseudoAccountAPIName__c</field>
        <value xsi:type="xsd:string">FirstName__c</value>
    </values>
</CustomMetadata>
