<?xml version="1.0" encoding="UTF-8"?>
<CustomMetadata xmlns="http://soap.sforce.com/2006/04/metadata" xmlns:xsi="http://www.w3.org/2001/XMLSchema-instance" xmlns:xsd="http://www.w3.org/2001/XMLSchema">
    <label>RankingServiceLIVE</label>
    <protected>false</protected>
    <values>
        <field>EndPoint__c</field>
        <value xsi:type="xsd:string">https://poseidon.ef.com/RankingSFService/api/ranking</value>
    </values>
    <values>
        <field>Environment__c</field>
        <value xsi:type="xsd:string">LIVE</value>
    </values>
    <values>
        <field>IsActive__c</field>
        <value xsi:type="xsd:boolean">true</value>
    </values>
    <values>
        <field>IsDefault__c</field>
        <value xsi:type="xsd:boolean">false</value>
    </values>
    <values>
        <field>IsSandbox__c</field>
        <value xsi:type="xsd:boolean">false</value>
    </values>
    <values>
        <field>SecurityToken__c</field>
        <value xsi:type="xsd:string">bmFyZXNafoOmYT5hcmVz3ZXNhf02934jhDjdaA==</value>
    </values>
    <values>
        <field>ServiceName__c</field>
        <value xsi:type="xsd:string">RankingService</value>
    </values>
    <values>
        <field>TargetSystem__c</field>
        <value xsi:type="xsd:string">Poseidon</value>
    </values>
</CustomMetadata>
