<?xml version="1.0" encoding="UTF-8"?>
<CustomMetadata xmlns="http://soap.sforce.com/2006/04/metadata" xmlns:xsi="http://www.w3.org/2001/XMLSchema-instance" xmlns:xsd="http://www.w3.org/2001/XMLSchema">
    <label>OpenBookingDEV</label>
    <protected>false</protected>
    <values>
        <field>EndPoint__c</field>
        <value xsi:type="xsd:string">http://localhost:5678/Booking/ShowBooking/</value>
    </values>
    <values>
        <field>Environment__c</field>
        <value xsi:type="xsd:string">DEV</value>
    </values>
    <values>
        <field>IsActive__c</field>
        <value xsi:type="xsd:boolean">true</value>
    </values>
    <values>
        <field>IsDefault__c</field>
        <value xsi:type="xsd:boolean">false</value>
    </values>
    <values>
        <field>IsSandbox__c</field>
        <value xsi:type="xsd:boolean">true</value>
    </values>
    <values>
        <field>ServiceName__c</field>
        <value xsi:type="xsd:string">OpenBooking</value>
    </values>
    <values>
        <field>TargetSystem__c</field>
        <value xsi:type="xsd:string">Poseidon</value>
    </values>
</CustomMetadata>
