<?xml version="1.0" encoding="UTF-8"?>
<CustomMetadata xmlns="http://soap.sforce.com/2006/04/metadata" xmlns:xsi="http://www.w3.org/2001/XMLSchema-instance" xmlns:xsd="http://www.w3.org/2001/XMLSchema">
    <label>Language__c</label>
    <protected>false</protected>
    <values>
        <field>AccountAPIName__c</field>
        <value xsi:type="xsd:string">Language__c</value>
    </values>
    <values>
        <field>IsMandatoryOnAccount__c</field>
        <value xsi:type="xsd:boolean">false</value>
    </values>
    <values>
        <field>IsMandatoryOnLead__c</field>
        <value xsi:type="xsd:boolean">false</value>
    </values>
    <values>
        <field>LeadAPIName__c</field>
        <value xsi:nil="true"/>
    </values>
</CustomMetadata>
