<?xml version="1.0" encoding="UTF-8"?>
<CustomMetadata xmlns="http://soap.sforce.com/2006/04/metadata" xmlns:xsi="http://www.w3.org/2001/XMLSchema-instance" xmlns:xsd="http://www.w3.org/2001/XMLSchema">
    <label>Start Dates</label>
    <protected>false</protected>
    <values>
        <field>Profiles__c</field>
        <value xsi:type="xsd:string">System Administrator,Standard EF User</value>
    </values>
    <values>
        <field>SObjectname__c</field>
        <value xsi:type="xsd:string">Start_Dates__c</value>
    </values>
</CustomMetadata>
