<?xml version="1.0" encoding="UTF-8"?>
<EmailTemplate xmlns="http://soap.sforce.com/2006/04/metadata">
    <available>true</available>
    <description>Notification of status of self-registration to prospective Customer Portal user</description>
    <encodingKey>ISO-8859-1</encodingKey>
    <name>Customer Portal:  User Self-Registration Error (SAMPLE)</name>
    <style>none</style>
    <subject>Regarding Your {!Organization.Name} Customer Portal Registration</subject>
    <type>text</type>
    <uiType>Aloha</uiType>
</EmailTemplate>
