<?xml version="1.0" encoding="UTF-8"?>
<EmailTemplate xmlns="http://soap.sforce.com/2006/04/metadata">
    <available>true</available>
    <description>Internal notification when case is escalated.</description>
    <encodingKey>ISO-8859-1</encodingKey>
    <name>SUPPORT: Case escalation notification (SAMPLE)</name>
    <style>none</style>
    <subject>Case # {!Case.CaseNumber}: {!Case.Subject} has been escalated.</subject>
    <type>text</type>
    <uiType>Aloha</uiType>
</EmailTemplate>
