<?xml version="1.0" encoding="UTF-8"?>
<Dashboard xmlns="http://soap.sforce.com/2006/04/metadata">
    <backgroundEndColor>#FFFFFF</backgroundEndColor>
    <backgroundFadeDirection>Diagonal</backgroundFadeDirection>
    <backgroundStartColor>#FFFFFF</backgroundStartColor>
    <chartTheme>light</chartTheme>
    <colorPalette>unity</colorPalette>
    <dashboardChartTheme>light</dashboardChartTheme>
    <dashboardColorPalette>unity</dashboardColorPalette>
    <dashboardGridLayout>
        <dashboardGridComponents>
            <colSpan>3</colSpan>
            <columnIndex>0</columnIndex>
            <dashboardComponent>
                <autoselectColumnsFromReport>false</autoselectColumnsFromReport>
                <chartAxisRange>Auto</chartAxisRange>
                <chartSummary>
                    <axisBinding>y</axisBinding>
                    <column>FORMULA1</column>
                </chartSummary>
                <componentType>BarGrouped</componentType>
                <drillEnabled>false</drillEnabled>
                <drillToDetailEnabled>false</drillToDetailEnabled>
                <enableHover>false</enableHover>
                <expandOthers>false</expandOthers>
                <groupingColumn>Opportunity.Program__c</groupingColumn>
                <groupingColumn>BucketField_28935581</groupingColumn>
                <header>Customers to Contact Today</header>
                <legendPosition>Bottom</legendPosition>
                <report>CM_Overview/Customers_to_Contact_Today</report>
                <showPercentage>false</showPercentage>
                <showValues>true</showValues>
                <sortBy>RowValueDescending</sortBy>
                <useReportChart>false</useReportChart>
            </dashboardComponent>
            <rowIndex>0</rowIndex>
            <rowSpan>7</rowSpan>
        </dashboardGridComponents>
        <dashboardGridComponents>
            <colSpan>2</colSpan>
            <columnIndex>3</columnIndex>
            <dashboardComponent>
                <autoselectColumnsFromReport>true</autoselectColumnsFromReport>
                <componentType>Table</componentType>
                <drillEnabled>false</drillEnabled>
                <drillToDetailEnabled>false</drillToDetailEnabled>
                <footer>Includes Call Reached and Not Reached</footer>
                <header>Calls Made Today</header>
                <indicatorHighColor>#00716B</indicatorHighColor>
                <indicatorLowColor>#C23934</indicatorLowColor>
                <indicatorMiddleColor>#FFB75D</indicatorMiddleColor>
                <report>CM_Overview/Calls_Made_Today</report>
                <showPicturesOnTables>false</showPicturesOnTables>
                <sortBy>RowValueDescending</sortBy>
            </dashboardComponent>
            <rowIndex>0</rowIndex>
            <rowSpan>3</rowSpan>
        </dashboardGridComponents>
        <dashboardGridComponents>
            <colSpan>2</colSpan>
            <columnIndex>5</columnIndex>
            <dashboardComponent>
                <autoselectColumnsFromReport>true</autoselectColumnsFromReport>
                <componentType>Table</componentType>
                <drillEnabled>false</drillEnabled>
                <drillToDetailEnabled>false</drillToDetailEnabled>
                <header>Calls Reached Today</header>
                <indicatorHighColor>#00716B</indicatorHighColor>
                <indicatorLowColor>#C23934</indicatorLowColor>
                <indicatorMiddleColor>#FFB75D</indicatorMiddleColor>
                <report>CM_Overview/Calls_Reached_Today</report>
                <showPicturesOnTables>false</showPicturesOnTables>
                <sortBy>RowValueDescending</sortBy>
            </dashboardComponent>
            <rowIndex>0</rowIndex>
            <rowSpan>3</rowSpan>
        </dashboardGridComponents>
        <dashboardGridComponents>
            <colSpan>2</colSpan>
            <columnIndex>7</columnIndex>
            <dashboardComponent>
                <autoselectColumnsFromReport>true</autoselectColumnsFromReport>
                <componentType>Table</componentType>
                <drillEnabled>false</drillEnabled>
                <drillToDetailEnabled>false</drillToDetailEnabled>
                <header>PQ to Send</header>
                <indicatorHighColor>#00716B</indicatorHighColor>
                <indicatorLowColor>#C23934</indicatorLowColor>
                <indicatorMiddleColor>#FFB75D</indicatorMiddleColor>
                <report>CM_Overview/PQ_to_Send</report>
                <showPicturesOnTables>false</showPicturesOnTables>
                <sortBy>RowValueDescending</sortBy>
            </dashboardComponent>
            <rowIndex>0</rowIndex>
            <rowSpan>5</rowSpan>
        </dashboardGridComponents>
        <dashboardGridComponents>
            <colSpan>4</colSpan>
            <columnIndex>3</columnIndex>
            <dashboardComponent>
                <autoselectColumnsFromReport>false</autoselectColumnsFromReport>
                <chartAxisRange>Auto</chartAxisRange>
                <chartSummary>
                    <axisBinding>y</axisBinding>
                    <column>FORMULA1</column>
                </chartSummary>
                <componentType>BarGrouped</componentType>
                <drillEnabled>false</drillEnabled>
                <drillToDetailEnabled>false</drillToDetailEnabled>
                <enableHover>false</enableHover>
                <expandOthers>false</expandOthers>
                <groupingColumn>Opportunity.Program__c</groupingColumn>
                <groupingColumn>CREATED_DATE</groupingColumn>
                <header>Opportunities Created this Week</header>
                <legendPosition>Right</legendPosition>
                <report>CM_Overview/Opportunities_Created_this_Week</report>
                <showPercentage>false</showPercentage>
                <showValues>true</showValues>
                <sortBy>RowValueDescending</sortBy>
                <useReportChart>false</useReportChart>
            </dashboardComponent>
            <rowIndex>3</rowIndex>
            <rowSpan>4</rowSpan>
        </dashboardGridComponents>
        <dashboardGridComponents>
            <colSpan>2</colSpan>
            <columnIndex>7</columnIndex>
            <dashboardComponent>
                <autoselectColumnsFromReport>false</autoselectColumnsFromReport>
                <chartSummary>
                    <column>FORMULA1</column>
                </chartSummary>
                <componentType>Metric</componentType>
                <displayUnits>Integer</displayUnits>
                <header>Pending Reservations</header>
                <indicatorBreakpoint1>33.0</indicatorBreakpoint1>
                <indicatorBreakpoint2>67.0</indicatorBreakpoint2>
                <indicatorHighColor>#00716B</indicatorHighColor>
                <indicatorLowColor>#C23934</indicatorLowColor>
                <indicatorMiddleColor>#FFB75D</indicatorMiddleColor>
                <report>CM_Overview/Pending_Reservations</report>
                <showRange>false</showRange>
            </dashboardComponent>
            <rowIndex>5</rowIndex>
            <rowSpan>2</rowSpan>
        </dashboardGridComponents>
        <numberOfColumns>9</numberOfColumns>
        <rowHeight>80</rowHeight>
    </dashboardGridLayout>
    <dashboardType>LoggedInUser</dashboardType>
    <isGridLayout>true</isGridLayout>
    <runningUser>vinod.lobo@ef.com.lang</runningUser>
    <textColor>#000000</textColor>
    <title>Country Manager Overview</title>
    <titleColor>#000000</titleColor>
    <titleSize>12</titleSize>
</Dashboard>
