<?xml version="1.0" encoding="UTF-8"?>
<Dashboard xmlns="http://soap.sforce.com/2006/04/metadata">
    <backgroundEndColor>#FFFFFF</backgroundEndColor>
    <backgroundFadeDirection>Diagonal</backgroundFadeDirection>
    <backgroundStartColor>#FFFFFF</backgroundStartColor>
    <chartTheme>light</chartTheme>
    <colorPalette>unity</colorPalette>
    <dashboardChartTheme>light</dashboardChartTheme>
    <dashboardColorPalette>unity</dashboardColorPalette>
    <dashboardGridLayout>
        <dashboardGridComponents>
            <colSpan>3</colSpan>
            <columnIndex>0</columnIndex>
            <dashboardComponent>
                <autoselectColumnsFromReport>false</autoselectColumnsFromReport>
                <chartAxisRange>Auto</chartAxisRange>
                <chartSummary>
                    <axisBinding>y</axisBinding>
                    <column>FORMULA1</column>
                </chartSummary>
                <componentType>BarGrouped</componentType>
                <drillEnabled>false</drillEnabled>
                <drillToDetailEnabled>false</drillToDetailEnabled>
                <enableHover>false</enableHover>
                <expandOthers>false</expandOthers>
                <groupingColumn>ASSIGNED</groupingColumn>
                <groupingColumn>BucketField_28935581</groupingColumn>
                <header>Customers to Contact Today</header>
                <legendPosition>Bottom</legendPosition>
                <report>SM_Overview/Customers_to_Contact_Today_SM</report>
                <showPercentage>false</showPercentage>
                <showValues>true</showValues>
                <sortBy>RowValueDescending</sortBy>
                <useReportChart>false</useReportChart>
            </dashboardComponent>
            <rowIndex>0</rowIndex>
            <rowSpan>6</rowSpan>
        </dashboardGridComponents>
        <dashboardGridComponents>
            <colSpan>2</colSpan>
            <columnIndex>3</columnIndex>
            <dashboardComponent>
                <autoselectColumnsFromReport>false</autoselectColumnsFromReport>
                <chartAxisRange>Auto</chartAxisRange>
                <chartSummary>
                    <axisBinding>y</axisBinding>
                    <column>FORMULA1</column>
                </chartSummary>
                <componentType>Bar</componentType>
                <drillEnabled>false</drillEnabled>
                <drillToDetailEnabled>false</drillToDetailEnabled>
                <enableHover>false</enableHover>
                <expandOthers>false</expandOthers>
                <footer>Calls Reached and Not Reached Today</footer>
                <groupingColumn>ASSIGNED</groupingColumn>
                <header>Calls Made Today</header>
                <legendPosition>Bottom</legendPosition>
                <report>SM_Overview/Calls_Made_Today_SM</report>
                <showPercentage>false</showPercentage>
                <showPicturesOnCharts>false</showPicturesOnCharts>
                <showValues>true</showValues>
                <sortBy>RowValueDescending</sortBy>
                <useReportChart>false</useReportChart>
            </dashboardComponent>
            <rowIndex>0</rowIndex>
            <rowSpan>3</rowSpan>
        </dashboardGridComponents>
        <dashboardGridComponents>
            <colSpan>2</colSpan>
            <columnIndex>5</columnIndex>
            <dashboardComponent>
                <autoselectColumnsFromReport>true</autoselectColumnsFromReport>
                <componentType>Table</componentType>
                <drillEnabled>false</drillEnabled>
                <drillToDetailEnabled>false</drillToDetailEnabled>
                <header>Leaderboard Calls Made</header>
                <indicatorBreakpoint1>60.0</indicatorBreakpoint1>
                <indicatorBreakpoint2>100.0</indicatorBreakpoint2>
                <indicatorHighColor>#00716B</indicatorHighColor>
                <indicatorLowColor>#C23934</indicatorLowColor>
                <indicatorMiddleColor>#FFB75D</indicatorMiddleColor>
                <report>Sales_Rep_Dashboard_Reports/Leaderboard_Calls_Made</report>
                <showPicturesOnTables>false</showPicturesOnTables>
                <sortBy>RowValueDescending</sortBy>
                <title>Calls Reached and Not Reached This Week</title>
            </dashboardComponent>
            <rowIndex>0</rowIndex>
            <rowSpan>5</rowSpan>
        </dashboardGridComponents>
        <dashboardGridComponents>
            <colSpan>2</colSpan>
            <columnIndex>7</columnIndex>
            <dashboardComponent>
                <autoselectColumnsFromReport>true</autoselectColumnsFromReport>
                <componentType>Table</componentType>
                <drillEnabled>false</drillEnabled>
                <drillToDetailEnabled>false</drillToDetailEnabled>
                <header>Leaderboard Reached Actions</header>
                <indicatorBreakpoint1>40.0</indicatorBreakpoint1>
                <indicatorBreakpoint2>60.0</indicatorBreakpoint2>
                <indicatorHighColor>#00716B</indicatorHighColor>
                <indicatorLowColor>#C23934</indicatorLowColor>
                <indicatorMiddleColor>#FFB75D</indicatorMiddleColor>
                <report>Sales_Rep_Dashboard_Reports/Leaderboard_Reached_Actions</report>
                <showPicturesOnTables>false</showPicturesOnTables>
                <sortBy>RowValueDescending</sortBy>
                <title>Any Reached Actions This Week</title>
            </dashboardComponent>
            <rowIndex>0</rowIndex>
            <rowSpan>5</rowSpan>
        </dashboardGridComponents>
        <dashboardGridComponents>
            <colSpan>2</colSpan>
            <columnIndex>3</columnIndex>
            <dashboardComponent>
                <autoselectColumnsFromReport>false</autoselectColumnsFromReport>
                <chartAxisRange>Auto</chartAxisRange>
                <chartSummary>
                    <axisBinding>y</axisBinding>
                    <column>FORMULA1</column>
                </chartSummary>
                <componentType>Bar</componentType>
                <drillEnabled>false</drillEnabled>
                <drillToDetailEnabled>false</drillToDetailEnabled>
                <enableHover>false</enableHover>
                <expandOthers>false</expandOthers>
                <footer>Any Reached Action Today</footer>
                <groupingColumn>ASSIGNED</groupingColumn>
                <header>Reached Actions Today</header>
                <legendPosition>Bottom</legendPosition>
                <report>Sales_Rep_Dashboard_Reports/Reached_Actions_Today_CPM</report>
                <showPercentage>false</showPercentage>
                <showPicturesOnCharts>false</showPicturesOnCharts>
                <showValues>true</showValues>
                <sortBy>RowValueDescending</sortBy>
                <useReportChart>false</useReportChart>
            </dashboardComponent>
            <rowIndex>3</rowIndex>
            <rowSpan>3</rowSpan>
        </dashboardGridComponents>
        <dashboardGridComponents>
            <colSpan>2</colSpan>
            <columnIndex>5</columnIndex>
            <dashboardComponent>
                <autoselectColumnsFromReport>true</autoselectColumnsFromReport>
                <componentType>Table</componentType>
                <drillEnabled>false</drillEnabled>
                <drillToDetailEnabled>false</drillToDetailEnabled>
                <header>Reached Call Rate This Week</header>
                <indicatorHighColor>#00716B</indicatorHighColor>
                <indicatorLowColor>#C23934</indicatorLowColor>
                <indicatorMiddleColor>#FFB75D</indicatorMiddleColor>
                <report>Sales_Rep_Dashboard_Reports/Reached_Call_Rate_CPM</report>
                <showPicturesOnTables>false</showPicturesOnTables>
                <sortBy>RowValueDescending</sortBy>
            </dashboardComponent>
            <rowIndex>5</rowIndex>
            <rowSpan>3</rowSpan>
        </dashboardGridComponents>
        <dashboardGridComponents>
            <colSpan>2</colSpan>
            <columnIndex>7</columnIndex>
            <dashboardComponent>
                <autoselectColumnsFromReport>false</autoselectColumnsFromReport>
                <chartAxisRange>Auto</chartAxisRange>
                <chartSummary>
                    <axisBinding>y</axisBinding>
                    <column>FORMULA1</column>
                </chartSummary>
                <componentType>Bar</componentType>
                <displayUnits>Integer</displayUnits>
                <drillEnabled>false</drillEnabled>
                <drillToDetailEnabled>false</drillToDetailEnabled>
                <enableHover>false</enableHover>
                <expandOthers>false</expandOthers>
                <groupingColumn>ASSIGNED</groupingColumn>
                <header>Visits for Today</header>
                <legendPosition>Bottom</legendPosition>
                <report>Sales_Rep_Dashboard_Reports/Visits_CPM</report>
                <showPercentage>false</showPercentage>
                <showPicturesOnCharts>false</showPicturesOnCharts>
                <showValues>true</showValues>
                <sortBy>RowValueDescending</sortBy>
                <useReportChart>false</useReportChart>
            </dashboardComponent>
            <rowIndex>5</rowIndex>
            <rowSpan>3</rowSpan>
        </dashboardGridComponents>
        <dashboardGridComponents>
            <colSpan>3</colSpan>
            <columnIndex>0</columnIndex>
            <dashboardComponent>
                <autoselectColumnsFromReport>false</autoselectColumnsFromReport>
                <chartAxisRange>Auto</chartAxisRange>
                <chartSummary>
                    <axisBinding>y</axisBinding>
                    <column>FORMULA1</column>
                </chartSummary>
                <componentType>BarGrouped</componentType>
                <drillEnabled>false</drillEnabled>
                <drillToDetailEnabled>false</drillToDetailEnabled>
                <enableHover>false</enableHover>
                <expandOthers>false</expandOthers>
                <groupingColumn>RECORDTYPE</groupingColumn>
                <groupingColumn>ASSIGNED</groupingColumn>
                <header>PQ and RES Tasks</header>
                <legendPosition>Bottom</legendPosition>
                <report>Sales_Rep_Dashboard_Reports/PQ_RES_Tasks_CPM</report>
                <showPercentage>false</showPercentage>
                <showValues>true</showValues>
                <sortBy>RowLabelAscending</sortBy>
                <useReportChart>false</useReportChart>
            </dashboardComponent>
            <rowIndex>6</rowIndex>
            <rowSpan>4</rowSpan>
        </dashboardGridComponents>
        <dashboardGridComponents>
            <colSpan>2</colSpan>
            <columnIndex>3</columnIndex>
            <dashboardComponent>
                <autoselectColumnsFromReport>false</autoselectColumnsFromReport>
                <chartAxisRange>Auto</chartAxisRange>
                <chartSummary>
                    <axisBinding>y</axisBinding>
                    <column>RowCount</column>
                </chartSummary>
                <componentType>ColumnStacked</componentType>
                <drillEnabled>false</drillEnabled>
                <drillToDetailEnabled>false</drillToDetailEnabled>
                <enableHover>false</enableHover>
                <expandOthers>false</expandOthers>
                <footer>Info Meetings this Calendar Week</footer>
                <groupingColumn>Campaign.MeetingCity__c</groupingColumn>
                <groupingColumn>CAMPAIGN_NAME</groupingColumn>
                <header>Info Meeting Members</header>
                <legendPosition>Right</legendPosition>
                <report>Sales_Rep_Dashboard_Reports/Info_Meeting_Members</report>
                <showPercentage>false</showPercentage>
                <showValues>false</showValues>
                <sortBy>RowValueDescending</sortBy>
                <useReportChart>false</useReportChart>
            </dashboardComponent>
            <rowIndex>6</rowIndex>
            <rowSpan>4</rowSpan>
        </dashboardGridComponents>
        <dashboardGridComponents>
            <colSpan>2</colSpan>
            <columnIndex>5</columnIndex>
            <dashboardComponent>
                <autoselectColumnsFromReport>false</autoselectColumnsFromReport>
                <chartSummary>
                    <column>RowCount</column>
                </chartSummary>
                <componentType>Metric</componentType>
                <displayUnits>Integer</displayUnits>
                <header>Dupes to Process</header>
                <indicatorBreakpoint1>33.0</indicatorBreakpoint1>
                <indicatorBreakpoint2>67.0</indicatorBreakpoint2>
                <indicatorHighColor>#00716B</indicatorHighColor>
                <indicatorLowColor>#C23934</indicatorLowColor>
                <indicatorMiddleColor>#FFB75D</indicatorMiddleColor>
                <report>Sales_Rep_Dashboard_Reports/Dupes_to_Process</report>
                <showRange>false</showRange>
            </dashboardComponent>
            <rowIndex>8</rowIndex>
            <rowSpan>2</rowSpan>
        </dashboardGridComponents>
        <dashboardGridComponents>
            <colSpan>2</colSpan>
            <columnIndex>7</columnIndex>
            <dashboardComponent>
                <autoselectColumnsFromReport>false</autoselectColumnsFromReport>
                <chartSummary>
                    <column>RowCount</column>
                </chartSummary>
                <componentType>Metric</componentType>
                <displayUnits>Integer</displayUnits>
                <header>Brochures to send</header>
                <indicatorBreakpoint1>5.0</indicatorBreakpoint1>
                <indicatorBreakpoint2>10.0</indicatorBreakpoint2>
                <indicatorHighColor>#C23934</indicatorHighColor>
                <indicatorLowColor>#408080</indicatorLowColor>
                <indicatorMiddleColor>#FFB75D</indicatorMiddleColor>
                <report>Sales_Rep_Dashboard_Reports/Brochures_to_send</report>
                <showRange>false</showRange>
            </dashboardComponent>
            <rowIndex>8</rowIndex>
            <rowSpan>2</rowSpan>
        </dashboardGridComponents>
        <numberOfColumns>9</numberOfColumns>
        <rowHeight>80</rowHeight>
    </dashboardGridLayout>
    <dashboardType>SpecifiedUser</dashboardType>
    <isGridLayout>true</isGridLayout>
    <runningUser>vinod.lobo@ef.com.lang</runningUser>
    <textColor>#000000</textColor>
    <title>CPM Overview</title>
    <titleColor>#000000</titleColor>
    <titleSize>12</titleSize>
</Dashboard>
