<?xml version="1.0" encoding="UTF-8"?>
<Flow xmlns="http://soap.sforce.com/2006/04/metadata">
    <formulas>
        <name>NOW</name>
        <dataType>Date</dataType>
        <expression>{!$System.OriginDateTime}</expression>
    </formulas>
    <interviewLabel>Delete All Open Events when the Opportunity gets Closed {!$Flow.CurrentDateTime}</interviewLabel>
    <label>Delete All Open Events when the Opportunity gets Closed</label>
    <processType>AutoLaunchedFlow</processType>
    <recordDeletes>
        <name>Delete_Events</name>
        <label>Delete Events</label>
        <locationX>145</locationX>
        <locationY>161</locationY>
        <inputReference>Events</inputReference>
    </recordDeletes>
    <recordLookups>
        <name>FindOpenEvents</name>
        <label>Find Open Events</label>
        <locationX>143</locationX>
        <locationY>28</locationY>
        <assignNullValuesIfNoRecordsFound>false</assignNullValuesIfNoRecordsFound>
        <connector>
            <targetReference>Delete_Events</targetReference>
        </connector>
        <filters>
            <field>StartDateTime</field>
            <operator>GreaterThan</operator>
            <value>
                <elementReference>$Flow.CurrentDateTime</elementReference>
            </value>
        </filters>
        <filters>
            <field>WhatId</field>
            <operator>EqualTo</operator>
            <value>
                <elementReference>OpportunityID</elementReference>
            </value>
        </filters>
        <object>Event</object>
        <outputReference>Events</outputReference>
        <queriedFields>Id</queriedFields>
    </recordLookups>
    <startElementReference>FindOpenEvents</startElementReference>
    <variables>
        <name>Events</name>
        <dataType>SObject</dataType>
        <isCollection>true</isCollection>
        <isInput>false</isInput>
        <isOutput>false</isOutput>
        <objectType>Event</objectType>
    </variables>
    <variables>
        <name>OpportunityID</name>
        <dataType>String</dataType>
        <isCollection>false</isCollection>
        <isInput>true</isInput>
        <isOutput>true</isOutput>
    </variables>
</Flow>
