<?xml version="1.0" encoding="UTF-8"?>
<Flow xmlns="http://soap.sforce.com/2006/04/metadata">
    <assignments>
        <name>myVariable_waitStartTimeAssignment</name>
        <label>myVariable_waitStartTimeAssignment</label>
        <locationX>0</locationX>
        <locationY>0</locationY>
        <assignmentItems>
            <assignToReference>myVariable_waitStartTimeVariable</assignToReference>
            <operator>Assign</operator>
            <value>
                <elementReference>$Flow.CurrentDateTime</elementReference>
            </value>
        </assignmentItems>
        <connector>
            <targetReference>isChangedDecision2_myRule_1_FirstName</targetReference>
        </connector>
    </assignments>
    <assignments>
        <name>myWaitAssignment_myWait_myRule_13</name>
        <label>myWaitAssignment_myWait_myRule_13</label>
        <locationX>0</locationX>
        <locationY>0</locationY>
        <assignmentItems>
            <assignToReference>cancelWaits</assignToReference>
            <operator>Add</operator>
            <value>
                <stringValue>myWait_myRule_13</stringValue>
            </value>
        </assignmentItems>
        <connector>
            <targetReference>myPreWaitDecision_myWait_myRule_7</targetReference>
        </connector>
    </assignments>
    <assignments>
        <name>myWaitAssignment_myWait_myRule_7</name>
        <label>myWaitAssignment_myWait_myRule_7</label>
        <locationX>0</locationX>
        <locationY>0</locationY>
        <assignmentItems>
            <assignToReference>cancelWaits</assignToReference>
            <operator>Add</operator>
            <value>
                <stringValue>myWait_myRule_7</stringValue>
            </value>
        </assignmentItems>
        <connector>
            <targetReference>myDecision</targetReference>
        </connector>
    </assignments>
    <assignments>
        <name>myWaitEvent_myWait_myRule_13_event_0_postWaitExecutionAssignment</name>
        <label>myWaitEvent_myWait_myRule_13_event_0_postWaitExecutionAssignment</label>
        <locationX>0</locationX>
        <locationY>0</locationY>
        <assignmentItems>
            <assignToReference>myWaitEvent_myWait_myRule_13_event_0_postActionExecutionVariable</assignToReference>
            <operator>Assign</operator>
            <value>
                <booleanValue>true</booleanValue>
            </value>
        </assignmentItems>
        <connector>
            <targetReference>myWait_myRule_13</targetReference>
        </connector>
    </assignments>
    <assignments>
        <name>myWaitEvent_myWait_myRule_7_event_0_postWaitExecutionAssignment</name>
        <label>myWaitEvent_myWait_myRule_7_event_0_postWaitExecutionAssignment</label>
        <locationX>0</locationX>
        <locationY>0</locationY>
        <assignmentItems>
            <assignToReference>myWaitEvent_myWait_myRule_7_event_0_postActionExecutionVariable</assignToReference>
            <operator>Assign</operator>
            <value>
                <booleanValue>true</booleanValue>
            </value>
        </assignmentItems>
        <connector>
            <targetReference>myWait_myRule_7</targetReference>
        </connector>
    </assignments>
    <decisions>
        <name>isChangedDecision2_myRule_1_FirstName</name>
        <label>isChangedDecision2_myRule_1_FirstName</label>
        <locationX>0</locationX>
        <locationY>0</locationY>
        <defaultConnector>
            <targetReference>isChangedDecision3_myRule_1_LastName</targetReference>
        </defaultConnector>
        <defaultConnectorLabel>default</defaultConnectorLabel>
        <rules>
            <name>isChangedRule_2_myRule_1_FirstName</name>
            <conditionLogic>and</conditionLogic>
            <conditions>
                <leftValueReference>myVariable_old</leftValueReference>
                <operator>IsNull</operator>
                <rightValue>
                    <booleanValue>false</booleanValue>
                </rightValue>
            </conditions>
            <conditions>
                <leftValueReference>myVariable_old.FirstName</leftValueReference>
                <operator>NotEqualTo</operator>
                <rightValue>
                    <elementReference>myVariable_current.FirstName</elementReference>
                </rightValue>
            </conditions>
            <connector>
                <targetReference>isChangedDecision3_myRule_1_LastName</targetReference>
            </connector>
            <label>isChangedRule_2_myRule_1_FirstName</label>
        </rules>
    </decisions>
    <decisions>
        <name>isChangedDecision3_myRule_1_LastName</name>
        <label>isChangedDecision3_myRule_1_LastName</label>
        <locationX>0</locationX>
        <locationY>0</locationY>
        <defaultConnector>
            <targetReference>myPreWaitDecision_myWait_myRule_13</targetReference>
        </defaultConnector>
        <defaultConnectorLabel>default</defaultConnectorLabel>
        <rules>
            <name>isChangedRule_3_myRule_1_LastName</name>
            <conditionLogic>and</conditionLogic>
            <conditions>
                <leftValueReference>myVariable_old</leftValueReference>
                <operator>IsNull</operator>
                <rightValue>
                    <booleanValue>false</booleanValue>
                </rightValue>
            </conditions>
            <conditions>
                <leftValueReference>myVariable_old.LastName</leftValueReference>
                <operator>NotEqualTo</operator>
                <rightValue>
                    <elementReference>myVariable_current.LastName</elementReference>
                </rightValue>
            </conditions>
            <connector>
                <targetReference>myPreWaitDecision_myWait_myRule_13</targetReference>
            </connector>
            <label>isChangedRule_3_myRule_1_LastName</label>
        </rules>
    </decisions>
    <decisions>
        <processMetadataValues>
            <name>index</name>
            <value>
                <numberValue>0.0</numberValue>
            </value>
        </processMetadataValues>
        <name>myDecision</name>
        <label>myDecision</label>
        <locationX>50</locationX>
        <locationY>0</locationY>
        <defaultConnector>
            <targetReference>myDecision6</targetReference>
        </defaultConnector>
        <defaultConnectorLabel>default</defaultConnectorLabel>
        <rules>
            <name>myRule_1</name>
            <conditionLogic>or</conditionLogic>
            <conditions>
                <processMetadataValues>
                    <name>inputDataType</name>
                    <value>
                        <stringValue>Boolean</stringValue>
                    </value>
                </processMetadataValues>
                <processMetadataValues>
                    <name>leftHandSideType</name>
                    <value>
                        <stringValue>String</stringValue>
                    </value>
                </processMetadataValues>
                <processMetadataValues>
                    <name>operatorDataType</name>
                    <value>
                        <stringValue>String</stringValue>
                    </value>
                </processMetadataValues>
                <processMetadataValues>
                    <name>rightHandSideType</name>
                    <value>
                        <stringValue>Boolean</stringValue>
                    </value>
                </processMetadataValues>
                <leftValueReference>isChangedRule_2_myRule_1_FirstName</leftValueReference>
                <operator>EqualTo</operator>
                <rightValue>
                    <booleanValue>true</booleanValue>
                </rightValue>
            </conditions>
            <conditions>
                <processMetadataValues>
                    <name>inputDataType</name>
                    <value>
                        <stringValue>Boolean</stringValue>
                    </value>
                </processMetadataValues>
                <processMetadataValues>
                    <name>leftHandSideType</name>
                    <value>
                        <stringValue>String</stringValue>
                    </value>
                </processMetadataValues>
                <processMetadataValues>
                    <name>operatorDataType</name>
                    <value>
                        <stringValue>String</stringValue>
                    </value>
                </processMetadataValues>
                <processMetadataValues>
                    <name>rightHandSideType</name>
                    <value>
                        <stringValue>Boolean</stringValue>
                    </value>
                </processMetadataValues>
                <leftValueReference>isChangedRule_3_myRule_1_LastName</leftValueReference>
                <operator>EqualTo</operator>
                <rightValue>
                    <booleanValue>true</booleanValue>
                </rightValue>
            </conditions>
            <connector>
                <targetReference>myRule_1_A1</targetReference>
            </connector>
            <label>Account Name changed</label>
        </rules>
    </decisions>
    <decisions>
        <processMetadataValues>
            <name>index</name>
            <value>
                <numberValue>3.0</numberValue>
            </value>
        </processMetadataValues>
        <name>myDecision10</name>
        <label>myDecision10</label>
        <locationX>50</locationX>
        <locationY>0</locationY>
        <defaultConnector>
            <targetReference>myDecision12</targetReference>
        </defaultConnector>
        <defaultConnectorLabel>default</defaultConnectorLabel>
        <rules>
            <name>myRule_11</name>
            <conditionLogic>and</conditionLogic>
            <conditions>
                <processMetadataValues>
                    <name>inputDataType</name>
                    <value>
                        <stringValue>Boolean</stringValue>
                    </value>
                </processMetadataValues>
                <processMetadataValues>
                    <name>leftHandSideType</name>
                    <value>
                        <stringValue>Boolean</stringValue>
                    </value>
                </processMetadataValues>
                <processMetadataValues>
                    <name>operatorDataType</name>
                    <value>
                        <stringValue>Boolean</stringValue>
                    </value>
                </processMetadataValues>
                <processMetadataValues>
                    <name>rightHandSideType</name>
                    <value>
                        <stringValue>Boolean</stringValue>
                    </value>
                </processMetadataValues>
                <leftValueReference>myVariable_current.ReadyForHappyCall__c</leftValueReference>
                <operator>EqualTo</operator>
                <rightValue>
                    <booleanValue>false</booleanValue>
                </rightValue>
            </conditions>
            <connector>
                <targetReference>myRule_11_A1</targetReference>
            </connector>
            <label>If ReadyForHappyCall changed to false</label>
        </rules>
    </decisions>
    <decisions>
        <processMetadataValues>
            <name>index</name>
            <value>
                <numberValue>4.0</numberValue>
            </value>
        </processMetadataValues>
        <name>myDecision12</name>
        <label>myDecision12</label>
        <locationX>50</locationX>
        <locationY>0</locationY>
        <defaultConnectorLabel>default</defaultConnectorLabel>
        <rules>
            <name>myRule_13</name>
            <conditionLogic>and</conditionLogic>
            <conditions>
                <processMetadataValues>
                    <name>inputDataType</name>
                    <value>
                        <stringValue>String</stringValue>
                    </value>
                </processMetadataValues>
                <processMetadataValues>
                    <name>leftHandSideType</name>
                    <value>
                        <stringValue>String</stringValue>
                    </value>
                </processMetadataValues>
                <processMetadataValues>
                    <name>operatorDataType</name>
                    <value>
                        <stringValue>String</stringValue>
                    </value>
                </processMetadataValues>
                <processMetadataValues>
                    <name>rightHandSideType</name>
                    <value>
                        <stringValue>Formula</stringValue>
                    </value>
                </processMetadataValues>
                <leftValueReference>myVariable_current.Owner.Profile.Name</leftValueReference>
                <operator>NotEqualTo</operator>
                <rightValue>
                    <elementReference>formula_14_myRule_13_4868321143</elementReference>
                </rightValue>
            </conditions>
            <connector>
                <targetReference>myRule_13_pmetdec</targetReference>
            </connector>
            <label>OwnerIsNotIntegrationUser</label>
        </rules>
    </decisions>
    <decisions>
        <processMetadataValues>
            <name>index</name>
            <value>
                <numberValue>1.0</numberValue>
            </value>
        </processMetadataValues>
        <name>myDecision6</name>
        <label>myDecision6</label>
        <locationX>50</locationX>
        <locationY>0</locationY>
        <defaultConnector>
            <targetReference>myDecision8</targetReference>
        </defaultConnector>
        <defaultConnectorLabel>default</defaultConnectorLabel>
        <rules>
            <name>myRule_7</name>
            <conditionLogic>and</conditionLogic>
            <conditions>
                <leftValueReference>formula_myRule_7</leftValueReference>
                <operator>EqualTo</operator>
                <rightValue>
                    <booleanValue>true</booleanValue>
                </rightValue>
            </conditions>
            <connector>
                <targetReference>myRule_7_pmetdec</targetReference>
            </connector>
            <label>MaxActiveBookingEndDate Set</label>
        </rules>
    </decisions>
    <decisions>
        <processMetadataValues>
            <name>index</name>
            <value>
                <numberValue>2.0</numberValue>
            </value>
        </processMetadataValues>
        <name>myDecision8</name>
        <label>myDecision8</label>
        <locationX>50</locationX>
        <locationY>0</locationY>
        <defaultConnector>
            <targetReference>myDecision10</targetReference>
        </defaultConnector>
        <defaultConnectorLabel>default</defaultConnectorLabel>
        <rules>
            <name>myRule_9</name>
            <conditionLogic>and</conditionLogic>
            <conditions>
                <leftValueReference>formula_myRule_9</leftValueReference>
                <operator>EqualTo</operator>
                <rightValue>
                    <booleanValue>true</booleanValue>
                </rightValue>
            </conditions>
            <connector>
                <targetReference>myRule_9_A1</targetReference>
            </connector>
            <label>MaxActiveBookingEndDate UnSet</label>
        </rules>
    </decisions>
    <decisions>
        <name>myPostWaitDecision_myWaitEvent_myWait_myRule_13_event_0</name>
        <label>myPostWaitDecision_myWaitEvent_myWait_myRule_13_event_0</label>
        <locationX>0</locationX>
        <locationY>0</locationY>
        <defaultConnector>
            <targetReference>myWaitEvent_myWait_myRule_13_event_0_postWaitExecutionAssignment</targetReference>
        </defaultConnector>
        <defaultConnectorLabel>default</defaultConnectorLabel>
        <rules>
            <name>myPostWaitRule_myWaitEvent_myWait_myRule_13_event_0</name>
            <conditionLogic>and</conditionLogic>
            <conditions>
                <leftValueReference>myVariable_current.CreatedDate</leftValueReference>
                <operator>IsNull</operator>
                <rightValue>
                    <booleanValue>false</booleanValue>
                </rightValue>
            </conditions>
            <connector>
                <targetReference>myWaitEvent_myWait_myRule_13_event_0_SA1</targetReference>
            </connector>
            <label>myPostWaitRule_myWaitEvent_myWait_myRule_13_event_0</label>
        </rules>
    </decisions>
    <decisions>
        <name>myPostWaitDecision_myWaitEvent_myWait_myRule_7_event_0</name>
        <label>myPostWaitDecision_myWaitEvent_myWait_myRule_7_event_0</label>
        <locationX>0</locationX>
        <locationY>0</locationY>
        <defaultConnector>
            <targetReference>myWaitEvent_myWait_myRule_7_event_0_postWaitExecutionAssignment</targetReference>
        </defaultConnector>
        <defaultConnectorLabel>default</defaultConnectorLabel>
        <rules>
            <name>myPostWaitRule_myWaitEvent_myWait_myRule_7_event_0</name>
            <conditionLogic>and</conditionLogic>
            <conditions>
                <leftValueReference>myVariable_current.MaxActiveBookingEndDate__c</leftValueReference>
                <operator>IsNull</operator>
                <rightValue>
                    <booleanValue>false</booleanValue>
                </rightValue>
            </conditions>
            <connector>
                <targetReference>myWaitEvent_myWait_myRule_7_event_0_SA1</targetReference>
            </connector>
            <label>myPostWaitRule_myWaitEvent_myWait_myRule_7_event_0</label>
        </rules>
    </decisions>
    <decisions>
        <name>myPreWaitDecision_myWait_myRule_13</name>
        <label>myPreWaitDecision_myWait_myRule_13</label>
        <locationX>0</locationX>
        <locationY>0</locationY>
        <defaultConnector>
            <targetReference>myWaitAssignment_myWait_myRule_13</targetReference>
        </defaultConnector>
        <defaultConnectorLabel>default</defaultConnectorLabel>
        <rules>
            <name>myPreWaitRule_myWait_myRule_13</name>
            <conditionLogic>and</conditionLogic>
            <conditions>
                <processMetadataValues>
                    <name>inputDataType</name>
                    <value>
                        <stringValue>String</stringValue>
                    </value>
                </processMetadataValues>
                <processMetadataValues>
                    <name>leftHandSideType</name>
                    <value>
                        <stringValue>String</stringValue>
                    </value>
                </processMetadataValues>
                <processMetadataValues>
                    <name>operatorDataType</name>
                    <value>
                        <stringValue>String</stringValue>
                    </value>
                </processMetadataValues>
                <processMetadataValues>
                    <name>rightHandSideType</name>
                    <value>
                        <stringValue>Formula</stringValue>
                    </value>
                </processMetadataValues>
                <leftValueReference>myVariable_current.Owner.Profile.Name</leftValueReference>
                <operator>NotEqualTo</operator>
                <rightValue>
                    <elementReference>formula_14_myRule_13_4868321143</elementReference>
                </rightValue>
            </conditions>
            <connector>
                <targetReference>myPreWaitDecision_myWait_myRule_7</targetReference>
            </connector>
            <label>myPreWaitRule_myWait_myRule_13</label>
        </rules>
    </decisions>
    <decisions>
        <name>myPreWaitDecision_myWait_myRule_7</name>
        <label>myPreWaitDecision_myWait_myRule_7</label>
        <locationX>0</locationX>
        <locationY>0</locationY>
        <defaultConnector>
            <targetReference>myWaitAssignment_myWait_myRule_7</targetReference>
        </defaultConnector>
        <defaultConnectorLabel>default</defaultConnectorLabel>
        <rules>
            <name>myPreWaitRule_myWait_myRule_7</name>
            <conditionLogic>and</conditionLogic>
            <conditions>
                <leftValueReference>formula_myRule_7</leftValueReference>
                <operator>EqualTo</operator>
                <rightValue>
                    <booleanValue>true</booleanValue>
                </rightValue>
            </conditions>
            <connector>
                <targetReference>myDecision</targetReference>
            </connector>
            <label>myPreWaitRule_myWait_myRule_7</label>
        </rules>
    </decisions>
    <decisions>
        <name>myRule_13_pmetdec</name>
        <label>Previously Met Decision</label>
        <locationX>1300</locationX>
        <locationY>100</locationY>
        <defaultConnector>
            <targetReference>myWait_myRule_13</targetReference>
        </defaultConnector>
        <defaultConnectorLabel>Not Previously Met</defaultConnectorLabel>
        <rules>
            <name>myRule_13_pmetnullrule</name>
            <conditionLogic>or</conditionLogic>
            <conditions>
                <leftValueReference>myVariable_old</leftValueReference>
                <operator>IsNull</operator>
                <rightValue>
                    <booleanValue>true</booleanValue>
                </rightValue>
            </conditions>
            <connector>
                <targetReference>myWait_myRule_13</targetReference>
            </connector>
            <label>Previously Met - Null</label>
        </rules>
        <rules>
            <name>myRule_13_pmetrule</name>
            <conditionLogic>and</conditionLogic>
            <conditions>
                <processMetadataValues>
                    <name>inputDataType</name>
                    <value>
                        <stringValue>String</stringValue>
                    </value>
                </processMetadataValues>
                <processMetadataValues>
                    <name>leftHandSideType</name>
                    <value>
                        <stringValue>String</stringValue>
                    </value>
                </processMetadataValues>
                <processMetadataValues>
                    <name>operatorDataType</name>
                    <value>
                        <stringValue>String</stringValue>
                    </value>
                </processMetadataValues>
                <processMetadataValues>
                    <name>rightHandSideType</name>
                    <value>
                        <stringValue>Formula</stringValue>
                    </value>
                </processMetadataValues>
                <leftValueReference>myVariable_old.Owner.Profile.Name</leftValueReference>
                <operator>NotEqualTo</operator>
                <rightValue>
                    <elementReference>formula_15_myRule_13_pmetrule_0225995126</elementReference>
                </rightValue>
            </conditions>
            <label>Previously Met - Prev</label>
        </rules>
    </decisions>
    <decisions>
        <name>myRule_7_pmetdec</name>
        <label>Previously Met Decision</label>
        <locationX>700</locationX>
        <locationY>100</locationY>
        <defaultConnector>
            <targetReference>myRule_7_A1</targetReference>
        </defaultConnector>
        <defaultConnectorLabel>Not Previously Met</defaultConnectorLabel>
        <rules>
            <name>myRule_7_pmetnullrule</name>
            <conditionLogic>or</conditionLogic>
            <conditions>
                <leftValueReference>myVariable_old</leftValueReference>
                <operator>IsNull</operator>
                <rightValue>
                    <booleanValue>true</booleanValue>
                </rightValue>
            </conditions>
            <connector>
                <targetReference>myRule_7_A1</targetReference>
            </connector>
            <label>Previously Met - Null</label>
        </rules>
        <rules>
            <name>myRule_7_pmetrule</name>
            <conditionLogic>and</conditionLogic>
            <conditions>
                <leftValueReference>formula_myRule_7_pmetrule</leftValueReference>
                <operator>EqualTo</operator>
                <rightValue>
                    <booleanValue>true</booleanValue>
                </rightValue>
            </conditions>
            <label>Previously Met - Prev</label>
        </rules>
    </decisions>
    <description>This PB triggers when am Account is created or updated.</description>
    <formulas>
        <processMetadataValues>
            <name>originalFormula</name>
            <value>
                <stringValue>$Label.Integration_Profile_Developer_Name </stringValue>
            </value>
        </processMetadataValues>
        <name>formula_14_myRule_13_4868321143</name>
        <dataType>String</dataType>
        <expression>$Label.Integration_Profile_Developer_Name</expression>
    </formulas>
    <formulas>
        <processMetadataValues>
            <name>originalFormula</name>
            <value>
                <stringValue>$Label.Integration_Profile_Developer_Name </stringValue>
            </value>
        </processMetadataValues>
        <name>formula_15_myRule_13_pmetrule_0225995126</name>
        <dataType>String</dataType>
        <expression>$Label.Integration_Profile_Developer_Name</expression>
    </formulas>
    <formulas>
        <processMetadataValues>
            <name>originalFormula</name>
            <value>
                <stringValue>$Label.Integration_User_Id </stringValue>
            </value>
        </processMetadataValues>
        <name>formula_16_myWaitEvent_myWait_myRule_13_event_0_SA1_4458872442</name>
        <dataType>String</dataType>
        <expression>$Label.Integration_User_Id</expression>
    </formulas>
    <formulas>
        <processMetadataValues>
            <name>originalFormula</name>
            <value>
                <stringValue>[Account].FirstName &amp; ' ' &amp; [Account].LastName </stringValue>
            </value>
        </processMetadataValues>
        <name>formula_4_myRule_1_A1_4177904816</name>
        <dataType>String</dataType>
        <expression>{!myVariable_current.FirstName} &amp; ' ' &amp; {!myVariable_current.LastName}</expression>
    </formulas>
    <formulas>
        <processMetadataValues>
            <name>originalFormula</name>
            <value>
                <stringValue>[Account].FirstName &amp; ' ' &amp; [Account].LastName </stringValue>
            </value>
        </processMetadataValues>
        <name>formula_5_myRule_1_A1_8010282443</name>
        <dataType>String</dataType>
        <expression>{!myVariable_current.FirstName} &amp; ' ' &amp; {!myVariable_current.LastName}</expression>
    </formulas>
    <formulas>
        <processMetadataValues>
            <name>originalFormula</name>
            <value>
                <stringValue>ISCHANGED([Account].MaxActiveBookingEndDate__c)  &amp;&amp;
                    NOT(ISNULL([Account].MaxActiveBookingEndDate__c) )</stringValue>
            </value>
        </processMetadataValues>
        <name>formula_myRule_7</name>
        <dataType>Boolean</dataType>
        <expression>ISCHANGED({!myVariable_current.MaxActiveBookingEndDate__c})  &amp;&amp;
                    NOT(ISNULL({!myVariable_current.MaxActiveBookingEndDate__c}) )</expression>
    </formulas>
    <formulas>
        <processMetadataValues>
            <name>originalFormula</name>
            <value>
                <stringValue>ISCHANGED([Account].MaxActiveBookingEndDate__c)  &amp;&amp;
                    NOT(ISNULL([Account].MaxActiveBookingEndDate__c) )</stringValue>
            </value>
        </processMetadataValues>
        <name>formula_myRule_7_pmetrule</name>
        <dataType>Boolean</dataType>
        <expression>ISCHANGED({!myVariable_old.MaxActiveBookingEndDate__c})  &amp;&amp;
                    NOT(ISNULL({!myVariable_old.MaxActiveBookingEndDate__c}) )</expression>
    </formulas>
    <formulas>
        <processMetadataValues>
            <name>originalFormula</name>
            <value>
                <stringValue>ISCHANGED([Account].MaxActiveBookingEndDate__c ) &amp;&amp;
                    ISNULL([Account].MaxActiveBookingEndDate__c)</stringValue>
            </value>
        </processMetadataValues>
        <name>formula_myRule_9</name>
        <dataType>Boolean</dataType>
        <expression>ISCHANGED({!myVariable_current.MaxActiveBookingEndDate__c} ) &amp;&amp;
                    ISNULL({!myVariable_current.MaxActiveBookingEndDate__c})</expression>
    </formulas>
    <interviewLabel>EF_Account_PB_Create_Update-11_InterviewLabel</interviewLabel>
    <label>EF_Account_PB_Create_Update</label>
    <processMetadataValues>
        <name>ObjectType</name>
        <value>
            <stringValue>Account</stringValue>
        </value>
    </processMetadataValues>
    <processMetadataValues>
        <name>ObjectVariable</name>
        <value>
            <elementReference>myVariable_current</elementReference>
        </value>
    </processMetadataValues>
    <processMetadataValues>
        <name>OldObjectVariable</name>
        <value>
            <elementReference>myVariable_old</elementReference>
        </value>
    </processMetadataValues>
    <processMetadataValues>
        <name>TriggerType</name>
        <value>
            <stringValue>onAllChanges</stringValue>
        </value>
    </processMetadataValues>
    <processType>Workflow</processType>
    <recordUpdates>
        <processMetadataValues>
            <name>evaluationType</name>
            <value>
                <stringValue>always</stringValue>
            </value>
        </processMetadataValues>
        <processMetadataValues>
            <name>isChildRelationship</name>
            <value>
                <booleanValue>false</booleanValue>
            </value>
        </processMetadataValues>
        <processMetadataValues>
            <name>reference</name>
            <value>
                <stringValue>[Account]</stringValue>
            </value>
        </processMetadataValues>
        <name>myRule_11_A1</name>
        <label>Reset NumberOfUnreachedHappyCalls</label>
        <locationX>1100</locationX>
        <locationY>200</locationY>
        <filters>
            <processMetadataValues>
                <name>implicit</name>
                <value>
                    <booleanValue>true</booleanValue>
                </value>
            </processMetadataValues>
            <field>Id</field>
            <operator>EqualTo</operator>
            <value>
                <elementReference>myVariable_current.Id</elementReference>
            </value>
        </filters>
        <inputAssignments>
            <processMetadataValues>
                <name>dataType</name>
                <value>
                    <stringValue>Number</stringValue>
                </value>
            </processMetadataValues>
            <processMetadataValues>
                <name>isRequired</name>
                <value>
                    <booleanValue>false</booleanValue>
                </value>
            </processMetadataValues>
            <processMetadataValues>
                <name>leftHandSideLabel</name>
                <value>
                    <stringValue>Number Of Unreached Happy Calls</stringValue>
                </value>
            </processMetadataValues>
            <processMetadataValues>
                <name>leftHandSideReferenceTo</name>
                <value>
                    <stringValue/>
                </value>
            </processMetadataValues>
            <processMetadataValues>
                <name>rightHandSideType</name>
                <value>
                    <stringValue>Number</stringValue>
                </value>
            </processMetadataValues>
            <field>NumberOfUnreachedHappyCalls__c</field>
            <value>
                <numberValue>0.0</numberValue>
            </value>
        </inputAssignments>
        <object>Account</object>
    </recordUpdates>
    <recordUpdates>
        <processMetadataValues>
            <name>evaluationType</name>
            <value>
                <stringValue>criteria</stringValue>
            </value>
        </processMetadataValues>
        <processMetadataValues>
            <name>isChildRelationship</name>
            <value>
                <booleanValue>true</booleanValue>
            </value>
        </processMetadataValues>
        <processMetadataValues>
            <name>reference</name>
            <value>
                <stringValue>[Account].Opportunities</stringValue>
            </value>
        </processMetadataValues>
        <name>myRule_1_A1</name>
        <label>Update Opportunity Name</label>
        <locationX>100</locationX>
        <locationY>200</locationY>
        <connector>
            <targetReference>myDecision6</targetReference>
        </connector>
        <filters>
            <processMetadataValues>
                <name>implicit</name>
                <value>
                    <booleanValue>true</booleanValue>
                </value>
            </processMetadataValues>
            <field>AccountId</field>
            <operator>EqualTo</operator>
            <value>
                <elementReference>myVariable_current.Id</elementReference>
            </value>
        </filters>
        <filters>
            <processMetadataValues>
                <name>implicit</name>
                <value>
                    <booleanValue>false</booleanValue>
                </value>
            </processMetadataValues>
            <processMetadataValues>
                <name>inputDataType</name>
                <value>
                    <stringValue>Boolean</stringValue>
                </value>
            </processMetadataValues>
            <processMetadataValues>
                <name>leftHandSideLabel</name>
                <value>
                    <stringValue>Is Active</stringValue>
                </value>
            </processMetadataValues>
            <processMetadataValues>
                <name>leftHandSideReferenceTo</name>
                <value>
                    <stringValue/>
                </value>
            </processMetadataValues>
            <processMetadataValues>
                <name>leftHandSideType</name>
                <value>
                    <stringValue>Boolean</stringValue>
                </value>
            </processMetadataValues>
            <processMetadataValues>
                <name>operatorDataType</name>
                <value>
                    <stringValue>Boolean</stringValue>
                </value>
            </processMetadataValues>
            <processMetadataValues>
                <name>rightHandSideType</name>
                <value>
                    <stringValue>Boolean</stringValue>
                </value>
            </processMetadataValues>
            <field>IsActive__c</field>
            <operator>EqualTo</operator>
            <value>
                <booleanValue>true</booleanValue>
            </value>
        </filters>
        <filters>
            <processMetadataValues>
                <name>implicit</name>
                <value>
                    <booleanValue>false</booleanValue>
                </value>
            </processMetadataValues>
            <processMetadataValues>
                <name>inputDataType</name>
                <value>
                    <stringValue>String</stringValue>
                </value>
            </processMetadataValues>
            <processMetadataValues>
                <name>leftHandSideLabel</name>
                <value>
                    <stringValue>Name</stringValue>
                </value>
            </processMetadataValues>
            <processMetadataValues>
                <name>leftHandSideReferenceTo</name>
                <value>
                    <stringValue/>
                </value>
            </processMetadataValues>
            <processMetadataValues>
                <name>leftHandSideType</name>
                <value>
                    <stringValue>String</stringValue>
                </value>
            </processMetadataValues>
            <processMetadataValues>
                <name>operatorDataType</name>
                <value>
                    <stringValue>String</stringValue>
                </value>
            </processMetadataValues>
            <processMetadataValues>
                <name>rightHandSideType</name>
                <value>
                    <stringValue>Formula</stringValue>
                </value>
            </processMetadataValues>
            <field>Name</field>
            <operator>NotEqualTo</operator>
            <value>
                <elementReference>formula_4_myRule_1_A1_4177904816</elementReference>
            </value>
        </filters>
        <inputAssignments>
            <processMetadataValues>
                <name>dataType</name>
                <value>
                    <stringValue>String</stringValue>
                </value>
            </processMetadataValues>
            <processMetadataValues>
                <name>isRequired</name>
                <value>
                    <booleanValue>false</booleanValue>
                </value>
            </processMetadataValues>
            <processMetadataValues>
                <name>leftHandSideLabel</name>
                <value>
                    <stringValue>Name</stringValue>
                </value>
            </processMetadataValues>
            <processMetadataValues>
                <name>leftHandSideReferenceTo</name>
                <value>
                    <stringValue/>
                </value>
            </processMetadataValues>
            <processMetadataValues>
                <name>rightHandSideType</name>
                <value>
                    <stringValue>Formula</stringValue>
                </value>
            </processMetadataValues>
            <field>Name</field>
            <value>
                <elementReference>formula_5_myRule_1_A1_8010282443</elementReference>
            </value>
        </inputAssignments>
        <object>Opportunity</object>
    </recordUpdates>
    <recordUpdates>
        <processMetadataValues>
            <name>evaluationType</name>
            <value>
                <stringValue>criteria</stringValue>
            </value>
        </processMetadataValues>
        <processMetadataValues>
            <name>isChildRelationship</name>
            <value>
                <booleanValue>false</booleanValue>
            </value>
        </processMetadataValues>
        <processMetadataValues>
            <name>reference</name>
            <value>
                <stringValue>[Account]</stringValue>
            </value>
        </processMetadataValues>
        <name>myRule_7_A1</name>
        <label>Set Ready For Happy Call on Account</label>
        <locationX>700</locationX>
        <locationY>200</locationY>
        <connector>
            <targetReference>myWait_myRule_7</targetReference>
        </connector>
        <filters>
            <processMetadataValues>
                <name>implicit</name>
                <value>
                    <booleanValue>true</booleanValue>
                </value>
            </processMetadataValues>
            <field>Id</field>
            <operator>EqualTo</operator>
            <value>
                <elementReference>myVariable_current.Id</elementReference>
            </value>
        </filters>
        <filters>
            <processMetadataValues>
                <name>implicit</name>
                <value>
                    <booleanValue>false</booleanValue>
                </value>
            </processMetadataValues>
            <processMetadataValues>
                <name>inputDataType</name>
                <value>
                    <stringValue>Boolean</stringValue>
                </value>
            </processMetadataValues>
            <processMetadataValues>
                <name>leftHandSideLabel</name>
                <value>
                    <stringValue>Ready for Happy Call</stringValue>
                </value>
            </processMetadataValues>
            <processMetadataValues>
                <name>leftHandSideReferenceTo</name>
                <value>
                    <stringValue/>
                </value>
            </processMetadataValues>
            <processMetadataValues>
                <name>leftHandSideType</name>
                <value>
                    <stringValue>Boolean</stringValue>
                </value>
            </processMetadataValues>
            <processMetadataValues>
                <name>operatorDataType</name>
                <value>
                    <stringValue>Boolean</stringValue>
                </value>
            </processMetadataValues>
            <processMetadataValues>
                <name>rightHandSideType</name>
                <value>
                    <stringValue>Boolean</stringValue>
                </value>
            </processMetadataValues>
            <field>ReadyForHappyCall__c</field>
            <operator>EqualTo</operator>
            <value>
                <booleanValue>false</booleanValue>
            </value>
        </filters>
        <inputAssignments>
            <processMetadataValues>
                <name>dataType</name>
                <value>
                    <stringValue>Boolean</stringValue>
                </value>
            </processMetadataValues>
            <processMetadataValues>
                <name>isRequired</name>
                <value>
                    <booleanValue>false</booleanValue>
                </value>
            </processMetadataValues>
            <processMetadataValues>
                <name>leftHandSideLabel</name>
                <value>
                    <stringValue>Ready for Happy Call</stringValue>
                </value>
            </processMetadataValues>
            <processMetadataValues>
                <name>leftHandSideReferenceTo</name>
                <value>
                    <stringValue/>
                </value>
            </processMetadataValues>
            <processMetadataValues>
                <name>rightHandSideType</name>
                <value>
                    <stringValue>Boolean</stringValue>
                </value>
            </processMetadataValues>
            <field>ReadyForHappyCall__c</field>
            <value>
                <booleanValue>true</booleanValue>
            </value>
        </inputAssignments>
        <object>Account</object>
    </recordUpdates>
    <recordUpdates>
        <processMetadataValues>
            <name>evaluationType</name>
            <value>
                <stringValue>criteria</stringValue>
            </value>
        </processMetadataValues>
        <processMetadataValues>
            <name>isChildRelationship</name>
            <value>
                <booleanValue>false</booleanValue>
            </value>
        </processMetadataValues>
        <processMetadataValues>
            <name>reference</name>
            <value>
                <stringValue>[Account]</stringValue>
            </value>
        </processMetadataValues>
        <name>myRule_9_A1</name>
        <label>Unset Ready for Happy Call</label>
        <locationX>900</locationX>
        <locationY>200</locationY>
        <connector>
            <targetReference>myRule_9_A2</targetReference>
        </connector>
        <filters>
            <processMetadataValues>
                <name>implicit</name>
                <value>
                    <booleanValue>true</booleanValue>
                </value>
            </processMetadataValues>
            <field>Id</field>
            <operator>EqualTo</operator>
            <value>
                <elementReference>myVariable_current.Id</elementReference>
            </value>
        </filters>
        <filters>
            <processMetadataValues>
                <name>implicit</name>
                <value>
                    <booleanValue>false</booleanValue>
                </value>
            </processMetadataValues>
            <processMetadataValues>
                <name>inputDataType</name>
                <value>
                    <stringValue>Boolean</stringValue>
                </value>
            </processMetadataValues>
            <processMetadataValues>
                <name>leftHandSideLabel</name>
                <value>
                    <stringValue>Ready for Happy Call</stringValue>
                </value>
            </processMetadataValues>
            <processMetadataValues>
                <name>leftHandSideReferenceTo</name>
                <value>
                    <stringValue/>
                </value>
            </processMetadataValues>
            <processMetadataValues>
                <name>leftHandSideType</name>
                <value>
                    <stringValue>Boolean</stringValue>
                </value>
            </processMetadataValues>
            <processMetadataValues>
                <name>operatorDataType</name>
                <value>
                    <stringValue>Boolean</stringValue>
                </value>
            </processMetadataValues>
            <processMetadataValues>
                <name>rightHandSideType</name>
                <value>
                    <stringValue>Boolean</stringValue>
                </value>
            </processMetadataValues>
            <field>ReadyForHappyCall__c</field>
            <operator>EqualTo</operator>
            <value>
                <booleanValue>true</booleanValue>
            </value>
        </filters>
        <inputAssignments>
            <processMetadataValues>
                <name>dataType</name>
                <value>
                    <stringValue>Boolean</stringValue>
                </value>
            </processMetadataValues>
            <processMetadataValues>
                <name>isRequired</name>
                <value>
                    <booleanValue>false</booleanValue>
                </value>
            </processMetadataValues>
            <processMetadataValues>
                <name>leftHandSideLabel</name>
                <value>
                    <stringValue>Ready for Happy Call</stringValue>
                </value>
            </processMetadataValues>
            <processMetadataValues>
                <name>leftHandSideReferenceTo</name>
                <value>
                    <stringValue/>
                </value>
            </processMetadataValues>
            <processMetadataValues>
                <name>rightHandSideType</name>
                <value>
                    <stringValue>Boolean</stringValue>
                </value>
            </processMetadataValues>
            <field>ReadyForHappyCall__c</field>
            <value>
                <booleanValue>false</booleanValue>
            </value>
        </inputAssignments>
        <object>Account</object>
    </recordUpdates>
    <recordUpdates>
        <processMetadataValues>
            <name>evaluationType</name>
            <value>
                <stringValue>criteria</stringValue>
            </value>
        </processMetadataValues>
        <processMetadataValues>
            <name>isChildRelationship</name>
            <value>
                <booleanValue>true</booleanValue>
            </value>
        </processMetadataValues>
        <processMetadataValues>
            <name>reference</name>
            <value>
                <stringValue>[Account].Opportunities</stringValue>
            </value>
        </processMetadataValues>
        <name>myRule_9_A2</name>
        <label>Set Active Opportunities To Inactive</label>
        <locationX>900</locationX>
        <locationY>300</locationY>
        <filters>
            <processMetadataValues>
                <name>implicit</name>
                <value>
                    <booleanValue>true</booleanValue>
                </value>
            </processMetadataValues>
            <field>AccountId</field>
            <operator>EqualTo</operator>
            <value>
                <elementReference>myVariable_current.Id</elementReference>
            </value>
        </filters>
        <filters>
            <processMetadataValues>
                <name>implicit</name>
                <value>
                    <booleanValue>false</booleanValue>
                </value>
            </processMetadataValues>
            <processMetadataValues>
                <name>inputDataType</name>
                <value>
                    <stringValue>Boolean</stringValue>
                </value>
            </processMetadataValues>
            <processMetadataValues>
                <name>leftHandSideLabel</name>
                <value>
                    <stringValue>is Active</stringValue>
                </value>
            </processMetadataValues>
            <processMetadataValues>
                <name>leftHandSideReferenceTo</name>
                <value>
                    <stringValue/>
                </value>
            </processMetadataValues>
            <processMetadataValues>
                <name>leftHandSideType</name>
                <value>
                    <stringValue>Boolean</stringValue>
                </value>
            </processMetadataValues>
            <processMetadataValues>
                <name>operatorDataType</name>
                <value>
                    <stringValue>Boolean</stringValue>
                </value>
            </processMetadataValues>
            <processMetadataValues>
                <name>rightHandSideType</name>
                <value>
                    <stringValue>Boolean</stringValue>
                </value>
            </processMetadataValues>
            <field>IsActive__c</field>
            <operator>EqualTo</operator>
            <value>
                <booleanValue>true</booleanValue>
            </value>
        </filters>
        <inputAssignments>
            <processMetadataValues>
                <name>dataType</name>
                <value>
                    <stringValue>Boolean</stringValue>
                </value>
            </processMetadataValues>
            <processMetadataValues>
                <name>isRequired</name>
                <value>
                    <booleanValue>false</booleanValue>
                </value>
            </processMetadataValues>
            <processMetadataValues>
                <name>leftHandSideLabel</name>
                <value>
                    <stringValue>is Active</stringValue>
                </value>
            </processMetadataValues>
            <processMetadataValues>
                <name>leftHandSideReferenceTo</name>
                <value>
                    <stringValue/>
                </value>
            </processMetadataValues>
            <processMetadataValues>
                <name>rightHandSideType</name>
                <value>
                    <stringValue>Boolean</stringValue>
                </value>
            </processMetadataValues>
            <field>IsActive__c</field>
            <value>
                <booleanValue>false</booleanValue>
            </value>
        </inputAssignments>
        <object>Opportunity</object>
    </recordUpdates>
    <recordUpdates>
        <processMetadataValues>
            <name>evaluationType</name>
            <value>
                <stringValue>always</stringValue>
            </value>
        </processMetadataValues>
        <processMetadataValues>
            <name>isChildRelationship</name>
            <value>
                <booleanValue>false</booleanValue>
            </value>
        </processMetadataValues>
        <processMetadataValues>
            <name>reference</name>
            <value>
                <stringValue>[Account]</stringValue>
            </value>
        </processMetadataValues>
        <name>myWaitEvent_myWait_myRule_13_event_0_SA1</name>
        <label>Set Owner to Integration User</label>
        <locationX>1300</locationX>
        <locationY>200</locationY>
        <connector>
            <targetReference>myWaitEvent_myWait_myRule_13_event_0_postWaitExecutionAssignment</targetReference>
        </connector>
        <filters>
            <processMetadataValues>
                <name>implicit</name>
                <value>
                    <booleanValue>true</booleanValue>
                </value>
            </processMetadataValues>
            <field>Id</field>
            <operator>EqualTo</operator>
            <value>
                <elementReference>myVariable_current.Id</elementReference>
            </value>
        </filters>
        <inputAssignments>
            <processMetadataValues>
                <name>dataType</name>
                <value>
                    <stringValue>ID</stringValue>
                </value>
            </processMetadataValues>
            <processMetadataValues>
                <name>isRequired</name>
                <value>
                    <booleanValue>false</booleanValue>
                </value>
            </processMetadataValues>
            <processMetadataValues>
                <name>leftHandSideLabel</name>
                <value>
                    <stringValue>Owner ID</stringValue>
                </value>
            </processMetadataValues>
            <processMetadataValues>
                <name>leftHandSideReferenceTo</name>
                <value>
                    <stringValue>User</stringValue>
                </value>
            </processMetadataValues>
            <processMetadataValues>
                <name>rightHandSideType</name>
                <value>
                    <stringValue>Formula</stringValue>
                </value>
            </processMetadataValues>
            <field>OwnerId</field>
            <value>
                <elementReference>formula_16_myWaitEvent_myWait_myRule_13_event_0_SA1_4458872442</elementReference>
            </value>
        </inputAssignments>
        <object>Account</object>
    </recordUpdates>
    <recordUpdates>
        <processMetadataValues>
            <name>evaluationType</name>
            <value>
                <stringValue>criteria</stringValue>
            </value>
        </processMetadataValues>
        <processMetadataValues>
            <name>isChildRelationship</name>
            <value>
                <booleanValue>true</booleanValue>
            </value>
        </processMetadataValues>
        <processMetadataValues>
            <name>reference</name>
            <value>
                <stringValue>[Account].Opportunities</stringValue>
            </value>
        </processMetadataValues>
        <name>myWaitEvent_myWait_myRule_7_event_0_SA1</name>
        <label>Set Opportunities to Inactive</label>
        <locationX>700</locationX>
        <locationY>200</locationY>
        <connector>
            <targetReference>myWaitEvent_myWait_myRule_7_event_0_postWaitExecutionAssignment</targetReference>
        </connector>
        <filters>
            <processMetadataValues>
                <name>implicit</name>
                <value>
                    <booleanValue>true</booleanValue>
                </value>
            </processMetadataValues>
            <field>AccountId</field>
            <operator>EqualTo</operator>
            <value>
                <elementReference>myVariable_current.Id</elementReference>
            </value>
        </filters>
        <filters>
            <processMetadataValues>
                <name>implicit</name>
                <value>
                    <booleanValue>false</booleanValue>
                </value>
            </processMetadataValues>
            <processMetadataValues>
                <name>inputDataType</name>
                <value>
                    <stringValue>Boolean</stringValue>
                </value>
            </processMetadataValues>
            <processMetadataValues>
                <name>leftHandSideLabel</name>
                <value>
                    <stringValue>is Active</stringValue>
                </value>
            </processMetadataValues>
            <processMetadataValues>
                <name>leftHandSideReferenceTo</name>
                <value>
                    <stringValue/>
                </value>
            </processMetadataValues>
            <processMetadataValues>
                <name>leftHandSideType</name>
                <value>
                    <stringValue>Boolean</stringValue>
                </value>
            </processMetadataValues>
            <processMetadataValues>
                <name>operatorDataType</name>
                <value>
                    <stringValue>Boolean</stringValue>
                </value>
            </processMetadataValues>
            <processMetadataValues>
                <name>rightHandSideType</name>
                <value>
                    <stringValue>Boolean</stringValue>
                </value>
            </processMetadataValues>
            <field>IsActive__c</field>
            <operator>EqualTo</operator>
            <value>
                <booleanValue>true</booleanValue>
            </value>
        </filters>
        <filters>
            <processMetadataValues>
                <name>implicit</name>
                <value>
                    <booleanValue>false</booleanValue>
                </value>
            </processMetadataValues>
            <processMetadataValues>
                <name>inputDataType</name>
                <value>
                    <stringValue>Picklist</stringValue>
                </value>
            </processMetadataValues>
            <processMetadataValues>
                <name>leftHandSideLabel</name>
                <value>
                    <stringValue>Stage</stringValue>
                </value>
            </processMetadataValues>
            <processMetadataValues>
                <name>leftHandSideReferenceTo</name>
                <value>
                    <stringValue/>
                </value>
            </processMetadataValues>
            <processMetadataValues>
                <name>leftHandSideType</name>
                <value>
                    <stringValue>Picklist</stringValue>
                </value>
            </processMetadataValues>
            <processMetadataValues>
                <name>operatorDataType</name>
                <value>
                    <stringValue>String</stringValue>
                </value>
            </processMetadataValues>
            <processMetadataValues>
                <name>rightHandSideType</name>
                <value>
                    <stringValue>Picklist</stringValue>
                </value>
            </processMetadataValues>
            <field>StageName</field>
            <operator>EqualTo</operator>
            <value>
                <stringValue>Booking</stringValue>
            </value>
        </filters>
        <inputAssignments>
            <processMetadataValues>
                <name>dataType</name>
                <value>
                    <stringValue>Boolean</stringValue>
                </value>
            </processMetadataValues>
            <processMetadataValues>
                <name>isRequired</name>
                <value>
                    <booleanValue>false</booleanValue>
                </value>
            </processMetadataValues>
            <processMetadataValues>
                <name>leftHandSideLabel</name>
                <value>
                    <stringValue>is Active</stringValue>
                </value>
            </processMetadataValues>
            <processMetadataValues>
                <name>leftHandSideReferenceTo</name>
                <value>
                    <stringValue/>
                </value>
            </processMetadataValues>
            <processMetadataValues>
                <name>rightHandSideType</name>
                <value>
                    <stringValue>Boolean</stringValue>
                </value>
            </processMetadataValues>
            <field>IsActive__c</field>
            <value>
                <booleanValue>false</booleanValue>
            </value>
        </inputAssignments>
        <object>Opportunity</object>
    </recordUpdates>
    <startElementReference>myVariable_waitStartTimeAssignment</startElementReference>
    <variables>
        <name>cancelWaits</name>
        <dataType>String</dataType>
        <isCollection>true</isCollection>
        <isInput>false</isInput>
        <isOutput>true</isOutput>
    </variables>
    <variables>
        <name>myVariable_current</name>
        <dataType>SObject</dataType>
        <isCollection>false</isCollection>
        <isInput>true</isInput>
        <isOutput>true</isOutput>
        <objectType>Account</objectType>
    </variables>
    <variables>
        <name>myVariable_old</name>
        <dataType>SObject</dataType>
        <isCollection>false</isCollection>
        <isInput>true</isInput>
        <isOutput>false</isOutput>
        <objectType>Account</objectType>
    </variables>
    <variables>
        <name>myVariable_waitStartTimeVariable</name>
        <dataType>DateTime</dataType>
        <isCollection>false</isCollection>
        <isInput>false</isInput>
        <isOutput>false</isOutput>
        <value>
            <elementReference>$Flow.CurrentDateTime</elementReference>
        </value>
    </variables>
    <variables>
        <name>myWaitEvent_myWait_myRule_13_event_0_postActionExecutionVariable</name>
        <dataType>Boolean</dataType>
        <isCollection>false</isCollection>
        <isInput>false</isInput>
        <isOutput>false</isOutput>
        <value>
            <booleanValue>false</booleanValue>
        </value>
    </variables>
    <variables>
        <name>myWaitEvent_myWait_myRule_7_event_0_postActionExecutionVariable</name>
        <dataType>Boolean</dataType>
        <isCollection>false</isCollection>
        <isInput>false</isInput>
        <isOutput>false</isOutput>
        <value>
            <booleanValue>false</booleanValue>
        </value>
    </variables>
    <waits>
        <name>myWait_myRule_13</name>
        <label>myWait_myRule_13</label>
        <locationX>0</locationX>
        <locationY>0</locationY>
        <defaultConnectorLabel>defaultLabel</defaultConnectorLabel>
        <waitEvents>
            <processMetadataValues>
                <name>inputParameterType</name>
                <value>
                    <stringValue>referenced</stringValue>
                </value>
            </processMetadataValues>
            <name>myWaitEvent_myWait_myRule_13_event_0</name>
            <conditionLogic>and</conditionLogic>
            <conditions>
                <leftValueReference>myWaitEvent_myWait_myRule_13_event_0_postActionExecutionVariable</leftValueReference>
                <operator>EqualTo</operator>
                <rightValue>
                    <booleanValue>false</booleanValue>
                </rightValue>
            </conditions>
            <connector>
                <targetReference>myPostWaitDecision_myWaitEvent_myWait_myRule_13_event_0</targetReference>
            </connector>
            <eventType>DateRefAlarmEvent</eventType>
            <inputParameters>
                <name>TimeTableColumnEnumOrId</name>
                <value>
                    <stringValue>Account</stringValue>
                </value>
            </inputParameters>
            <inputParameters>
                <name>EntityObjectId</name>
                <value>
                    <elementReference>myVariable_current.Id</elementReference>
                </value>
            </inputParameters>
            <inputParameters>
                <name>TimeOffsetUnit</name>
                <value>
                    <stringValue>Hours</stringValue>
                </value>
            </inputParameters>
            <inputParameters>
                <name>TimeOffset</name>
                <value>
                    <numberValue>0.0</numberValue>
                </value>
            </inputParameters>
            <inputParameters>
                <name>TimeFieldColumnEnumOrId</name>
                <value>
                    <stringValue>CreatedDate</stringValue>
                </value>
            </inputParameters>
            <label>myWaitEvent_myWait_myRule_13_event_0</label>
        </waitEvents>
    </waits>
    <waits>
        <name>myWait_myRule_7</name>
        <label>myWait_myRule_7</label>
        <locationX>0</locationX>
        <locationY>0</locationY>
        <defaultConnectorLabel>defaultLabel</defaultConnectorLabel>
        <waitEvents>
            <processMetadataValues>
                <name>inputParameterType</name>
                <value>
                    <stringValue>referenced</stringValue>
                </value>
            </processMetadataValues>
            <name>myWaitEvent_myWait_myRule_7_event_0</name>
            <conditionLogic>and</conditionLogic>
            <conditions>
                <leftValueReference>myWaitEvent_myWait_myRule_7_event_0_postActionExecutionVariable</leftValueReference>
                <operator>EqualTo</operator>
                <rightValue>
                    <booleanValue>false</booleanValue>
                </rightValue>
            </conditions>
            <connector>
                <targetReference>myPostWaitDecision_myWaitEvent_myWait_myRule_7_event_0</targetReference>
            </connector>
            <eventType>DateRefAlarmEvent</eventType>
            <inputParameters>
                <name>TimeTableColumnEnumOrId</name>
                <value>
                    <stringValue>Account</stringValue>
                </value>
            </inputParameters>
            <inputParameters>
                <name>EntityObjectId</name>
                <value>
                    <elementReference>myVariable_current.Id</elementReference>
                </value>
            </inputParameters>
            <inputParameters>
                <name>TimeOffsetUnit</name>
                <value>
                    <stringValue>Hours</stringValue>
                </value>
            </inputParameters>
            <inputParameters>
                <name>TimeOffset</name>
                <value>
                    <numberValue>1.0</numberValue>
                </value>
            </inputParameters>
            <inputParameters>
                <name>TimeFieldColumnEnumOrId</name>
                <value>
                    <stringValue>MaxActiveBookingEndDate__c</stringValue>
                </value>
            </inputParameters>
            <label>myWaitEvent_myWait_myRule_7_event_0</label>
        </waitEvents>
    </waits>
</Flow>