<?xml version="1.0" encoding="UTF-8"?>
<CustomMetadata xmlns="http://soap.sforce.com/2006/04/metadata" xmlns:xsi="http://www.w3.org/2001/XMLSchema-instance" xmlns:xsd="http://www.w3.org/2001/XMLSchema">
    <label>Costa Rica</label>
    <protected>false</protected>
    <values>
        <field>DefaultLanguageCode__c</field>
        <value xsi:type="xsd:string">ES</value>
    </values>
    <values>
        <field>DefaultLanguage__c</field>
        <value xsi:type="xsd:string">Spanish</value>
    </values>
</CustomMetadata>
