<?xml version="1.0" encoding="UTF-8"?>
<CustomMetadata xmlns="http://soap.sforce.com/2006/04/metadata" xmlns:xsi="http://www.w3.org/2001/XMLSchema-instance" xmlns:xsd="http://www.w3.org/2001/XMLSchema">
    <label>LT Time-Out Setting</label>
    <protected>false</protected>
    <values>
        <field>Product__c</field>
        <value xsi:type="xsd:string">SCH</value>
    </values>
    <values>
        <field>Program__c</field>
        <value xsi:type="xsd:string">LT</value>
    </values>
    <values>
        <field>TimeOutSettingDays__c</field>
        <value xsi:type="xsd:double">30.0</value>
    </values>
</CustomMetadata>
