<?xml version="1.0" encoding="UTF-8"?>
<FlexiPage xmlns="http://soap.sforce.com/2006/04/metadata">
    <flexiPageRegions>
        <componentInstances>
            <componentInstanceProperties>
                <name>collapsed</name>
                <value>false</value>
            </componentInstanceProperties>
            <componentInstanceProperties>
                <name>numVisibleActions</name>
                <value>3</value>
            </componentInstanceProperties>
            <componentName>force:highlightsPanel</componentName>
        </componentInstances>
        <componentInstances>
            <componentInstanceProperties>
                <name>decorate</name>
                <value>true</value>
            </componentInstanceProperties>
            <componentInstanceProperties>
                <name>richTextValue</name>
                <value>&lt;span style=&quot;font-size:14px;&quot;&gt;The company is marked as &lt;span style=&quot;color:#FF0000;&quot;&gt;&lt;b&gt;Do Not Call/Do Not Email&lt;/b&gt;&lt;/span&gt;, please check company preferences before&amp;nbsp;contacting them.&lt;/span&gt;</value>
            </componentInstanceProperties>
            <componentName>flexipage:richText</componentName>
            <visibilityRule>
                <booleanFilter>1 OR 2</booleanFilter>
                <criteria>
                    <leftValue>{!Record.EmailOptOut__c}</leftValue>
                    <operator>EQUAL</operator>
                    <rightValue>true</rightValue>
                </criteria>
                <criteria>
                    <leftValue>{!Record.DoNotCall__c}</leftValue>
                    <operator>EQUAL</operator>
                    <rightValue>true</rightValue>
                </criteria>
            </visibilityRule>
        </componentInstances>
        <name>header</name>
        <type>Region</type>
    </flexiPageRegions>
    <flexiPageRegions>
        <componentInstances>
            <componentInstanceProperties>
                <name>parentFieldApiName</name>
                <value>Account.Id</value>
            </componentInstanceProperties>
            <componentInstanceProperties>
                <name>relatedListApiName</name>
                <value>Contacts</value>
            </componentInstanceProperties>
            <componentInstanceProperties>
                <name>relatedListComponentOverride</name>
                <value>GRID</value>
            </componentInstanceProperties>
            <componentName>force:relatedListSingleContainer</componentName>
        </componentInstances>
        <componentInstances>
            <componentInstanceProperties>
                <name>parentFieldApiName</name>
                <value>Account.Id</value>
            </componentInstanceProperties>
            <componentInstanceProperties>
                <name>relatedListApiName</name>
                <value>Opportunities</value>
            </componentInstanceProperties>
            <componentInstanceProperties>
                <name>relatedListComponentOverride</name>
                <value>GRID</value>
            </componentInstanceProperties>
            <componentName>force:relatedListSingleContainer</componentName>
        </componentInstances>
        <componentInstances>
            <componentInstanceProperties>
                <name>lookupName</name>
                <value>CompanyAccount__c</value>
            </componentInstanceProperties>
            <componentInstanceProperties>
                <name>relatedListTitle</name>
                <value>Opportunities connected with this Company</value>
            </componentInstanceProperties>
            <componentName>AccountOpportunitiesList</componentName>
            <visibilityRule>
                <criteria>
                    <leftValue>{!Record.Type}</leftValue>
                    <operator>EQUAL</operator>
                    <rightValue>Company</rightValue>
                </criteria>
            </visibilityRule>
        </componentInstances>
        <componentInstances>
            <componentInstanceProperties>
                <name>lookupName</name>
                <value>Institution__c</value>
            </componentInstanceProperties>
            <componentInstanceProperties>
                <name>relatedListTitle</name>
                <value>Opportunities connected with this Institution</value>
            </componentInstanceProperties>
            <componentName>AccountOpportunitiesList</componentName>
            <visibilityRule>
                <criteria>
                    <leftValue>{!Record.Type}</leftValue>
                    <operator>NE</operator>
                    <rightValue>Company</rightValue>
                </criteria>
            </visibilityRule>
        </componentInstances>
        <componentInstances>
            <componentInstanceProperties>
                <name>parentFieldApiName</name>
                <value>Account.Id</value>
            </componentInstanceProperties>
            <componentInstanceProperties>
                <name>relatedListApiName</name>
                <value>Bookings1__r</value>
            </componentInstanceProperties>
            <componentInstanceProperties>
                <name>relatedListComponentOverride</name>
                <value>GRID</value>
            </componentInstanceProperties>
            <componentName>force:relatedListSingleContainer</componentName>
            <visibilityRule>
                <criteria>
                    <leftValue>{!Record.Type}</leftValue>
                    <operator>EQUAL</operator>
                    <rightValue>Company</rightValue>
                </criteria>
            </visibilityRule>
        </componentInstances>
        <componentInstances>
            <componentInstanceProperties>
                <name>parentFieldApiName</name>
                <value>Account.Id</value>
            </componentInstanceProperties>
            <componentInstanceProperties>
                <name>relatedListApiName</name>
                <value>Bookings2__r</value>
            </componentInstanceProperties>
            <componentInstanceProperties>
                <name>relatedListComponentOverride</name>
                <value>GRID</value>
            </componentInstanceProperties>
            <componentName>force:relatedListSingleContainer</componentName>
            <visibilityRule>
                <criteria>
                    <leftValue>{!Record.Type}</leftValue>
                    <operator>NE</operator>
                    <rightValue>Company</rightValue>
                </criteria>
            </visibilityRule>
        </componentInstances>
        <name>Facet-68764e4c-3b68-4aa3-8315-2e917d2d7bc1</name>
        <type>Facet</type>
    </flexiPageRegions>
    <flexiPageRegions>
        <componentInstances>
            <componentName>force:detailPanel</componentName>
        </componentInstances>
        <name>Facet-eda14aa8-afd5-4cf3-81da-6c254366522d</name>
        <type>Facet</type>
    </flexiPageRegions>
    <flexiPageRegions>
        <componentInstances>
            <componentInstanceProperties>
                <name>createQuickActionName</name>
                <value>NewAccount</value>
            </componentInstanceProperties>
            <componentInstanceProperties>
                <name>lookupFieldName</name>
                <value>Id</value>
            </componentInstanceProperties>
            <componentInstanceProperties>
                <name>titleFieldName</name>
                <value>Mailing Preferences</value>
            </componentInstanceProperties>
            <componentInstanceProperties>
                <name>updateQuickActionName</name>
                <value>Account.UpdateMailingPreferencesBusinessAccount</value>
            </componentInstanceProperties>
            <componentName>console:relatedRecord</componentName>
        </componentInstances>
        <name>Facet-022101ad-3772-488c-a43a-55fd2da184c4</name>
        <type>Facet</type>
    </flexiPageRegions>
    <flexiPageRegions>
        <componentInstances>
            <componentInstanceProperties>
                <name>parentFieldApiName</name>
                <value>Account.Id</value>
            </componentInstanceProperties>
            <componentInstanceProperties>
                <name>relatedListApiName</name>
                <value>AttachedContentDocuments</value>
            </componentInstanceProperties>
            <componentInstanceProperties>
                <name>relatedListComponentOverride</name>
                <value>NONE</value>
            </componentInstanceProperties>
            <componentName>force:relatedListSingleContainer</componentName>
        </componentInstances>
        <name>Facet-f186c1db-5f87-4d5e-a538-92715cb9b878</name>
        <type>Facet</type>
    </flexiPageRegions>
    <flexiPageRegions>
        <componentInstances>
            <componentInstanceProperties>
                <name>parentFieldApiName</name>
                <value>Account.Id</value>
            </componentInstanceProperties>
            <componentInstanceProperties>
                <name>relatedListApiName</name>
                <value>AttachedContentNotes</value>
            </componentInstanceProperties>
            <componentInstanceProperties>
                <name>relatedListComponentOverride</name>
                <value>NONE</value>
            </componentInstanceProperties>
            <componentName>force:relatedListSingleContainer</componentName>
        </componentInstances>
        <name>Facet-jv7pzbocok8</name>
        <type>Facet</type>
    </flexiPageRegions>
    <flexiPageRegions>
        <componentInstances>
            <componentInstanceProperties>
                <name>active</name>
                <value>true</value>
            </componentInstanceProperties>
            <componentInstanceProperties>
                <name>body</name>
                <value>Facet-68764e4c-3b68-4aa3-8315-2e917d2d7bc1</value>
            </componentInstanceProperties>
            <componentInstanceProperties>
                <name>title</name>
                <value>Standard.Tab.relatedLists</value>
            </componentInstanceProperties>
            <componentName>flexipage:tab</componentName>
        </componentInstances>
        <componentInstances>
            <componentInstanceProperties>
                <name>body</name>
                <value>Facet-eda14aa8-afd5-4cf3-81da-6c254366522d</value>
            </componentInstanceProperties>
            <componentInstanceProperties>
                <name>title</name>
                <value>Standard.Tab.detail</value>
            </componentInstanceProperties>
            <componentName>flexipage:tab</componentName>
        </componentInstances>
        <componentInstances>
            <componentInstanceProperties>
                <name>body</name>
                <value>Facet-022101ad-3772-488c-a43a-55fd2da184c4</value>
            </componentInstanceProperties>
            <componentInstanceProperties>
                <name>title</name>
                <value>Unsubscribe</value>
            </componentInstanceProperties>
            <componentName>flexipage:tab</componentName>
        </componentInstances>
        <componentInstances>
            <componentInstanceProperties>
                <name>body</name>
                <value>Facet-f186c1db-5f87-4d5e-a538-92715cb9b878</value>
            </componentInstanceProperties>
            <componentInstanceProperties>
                <name>title</name>
                <value>Files</value>
            </componentInstanceProperties>
            <componentName>flexipage:tab</componentName>
        </componentInstances>
        <componentInstances>
            <componentInstanceProperties>
                <name>body</name>
                <value>Facet-jv7pzbocok8</value>
            </componentInstanceProperties>
            <componentInstanceProperties>
                <name>title</name>
                <value>Notes</value>
            </componentInstanceProperties>
            <componentName>flexipage:tab</componentName>
        </componentInstances>
        <name>Facet-21b858e0-e0c9-4f32-a1c7-ad9e3c3d9ce4</name>
        <type>Facet</type>
    </flexiPageRegions>
    <flexiPageRegions>
        <componentInstances>
            <componentInstanceProperties>
                <name>tabs</name>
                <value>Facet-21b858e0-e0c9-4f32-a1c7-ad9e3c3d9ce4</value>
            </componentInstanceProperties>
            <componentName>flexipage:tabset</componentName>
        </componentInstances>
        <componentInstances>
            <componentName>dupcheck:dc3Live</componentName>
        </componentInstances>
        <name>main</name>
        <type>Region</type>
    </flexiPageRegions>
    <flexiPageRegions>
        <componentInstances>
            <componentName>runtime_sales_activities:activityPanel</componentName>
        </componentInstances>
        <name>Facet-6b3cc6c6-e075-4666-a95d-f33354fd52a1</name>
        <type>Facet</type>
    </flexiPageRegions>
    <flexiPageRegions>
        <componentInstances>
            <componentName>forceChatter:recordFeedContainer</componentName>
        </componentInstances>
        <name>Facet-993878d8-f796-410b-836b-9519a91df267</name>
        <type>Facet</type>
    </flexiPageRegions>
    <flexiPageRegions>
        <componentInstances>
            <componentInstanceProperties>
                <name>active</name>
                <value>true</value>
            </componentInstanceProperties>
            <componentInstanceProperties>
                <name>body</name>
                <value>Facet-6b3cc6c6-e075-4666-a95d-f33354fd52a1</value>
            </componentInstanceProperties>
            <componentInstanceProperties>
                <name>title</name>
                <value>Standard.Tab.activity</value>
            </componentInstanceProperties>
            <componentName>flexipage:tab</componentName>
        </componentInstances>
        <componentInstances>
            <componentInstanceProperties>
                <name>body</name>
                <value>Facet-993878d8-f796-410b-836b-9519a91df267</value>
            </componentInstanceProperties>
            <componentInstanceProperties>
                <name>title</name>
                <value>Standard.Tab.collaborate</value>
            </componentInstanceProperties>
            <componentName>flexipage:tab</componentName>
        </componentInstances>
        <name>Facet-b7852b15-a4d2-43c7-bb08-6d3d19a0dcd8</name>
        <type>Facet</type>
    </flexiPageRegions>
    <flexiPageRegions>
        <componentInstances>
            <componentInstanceProperties>
                <name>tabs</name>
                <value>Facet-b7852b15-a4d2-43c7-bb08-6d3d19a0dcd8</value>
            </componentInstanceProperties>
            <componentName>flexipage:tabset</componentName>
        </componentInstances>
        <name>sidebar</name>
        <type>Region</type>
    </flexiPageRegions>
    <masterLabel>Company Lightning Page Layout</masterLabel>
    <sobjectType>Account</sobjectType>
    <template>
        <name>flexipage:recordHomeTemplateDesktop</name>
    </template>
    <type>RecordPage</type>
</FlexiPage>
