<?xml version="1.0" encoding="UTF-8"?>
<FlexiPage xmlns="http://soap.sforce.com/2006/04/metadata">
    <flexiPageRegions>
        <componentInstances>
            <componentInstanceProperties>
                <name>collapsed</name>
                <value>false</value>
            </componentInstanceProperties>
            <componentName>force:highlightsPanel</componentName>
        </componentInstances>
        <componentInstances>
            <componentInstanceProperties>
                <name>decorate</name>
                <value>true</value>
            </componentInstanceProperties>
            <componentInstanceProperties>
                <name>richTextValue</name>
                <value>The contact is marked as &lt;span style=&quot;color:#FF0000;&quot;&gt;&lt;b&gt;Do Not Call/Do Not Email&lt;/b&gt;&lt;/span&gt;, please check contact preferences before&amp;nbsp;contacting him/her.</value>
            </componentInstanceProperties>
            <componentName>flexipage:richText</componentName>
            <visibilityRule>
                <booleanFilter>1 OR 2</booleanFilter>
                <criteria>
                    <leftValue>{!Record.HasOptedOutOfEmail}</leftValue>
                    <operator>EQUAL</operator>
                    <rightValue>true</rightValue>
                </criteria>
                <criteria>
                    <leftValue>{!Record.DoNotCall}</leftValue>
                    <operator>EQUAL</operator>
                    <rightValue>true</rightValue>
                </criteria>
            </visibilityRule>
        </componentInstances>
        <mode>Replace</mode>
        <name>header</name>
        <type>Region</type>
    </flexiPageRegions>
    <flexiPageRegions>
        <componentInstances>
            <componentName>force:detailPanel</componentName>
        </componentInstances>
        <mode>Replace</mode>
        <name>detailTabContent</name>
        <type>Facet</type>
    </flexiPageRegions>
    <flexiPageRegions>
        <componentInstances>
            <componentInstanceProperties>
                <name>createQuickActionName</name>
                <value>NewContact</value>
            </componentInstanceProperties>
            <componentInstanceProperties>
                <name>lookupFieldName</name>
                <value>Id</value>
            </componentInstanceProperties>
            <componentInstanceProperties>
                <name>titleFieldName</name>
                <value>Mailing Preferences</value>
            </componentInstanceProperties>
            <componentInstanceProperties>
                <name>updateQuickActionName</name>
                <value>Contact.UpdateMailingPreferences</value>
            </componentInstanceProperties>
            <componentName>console:relatedRecord</componentName>
        </componentInstances>
        <name>Facet-b1fbe7e4-c033-45c2-ba34-86935b120db0</name>
        <type>Facet</type>
    </flexiPageRegions>
    <flexiPageRegions>
        <componentInstances>
            <componentInstanceProperties>
                <name>body</name>
                <value>detailTabContent</value>
            </componentInstanceProperties>
            <componentInstanceProperties>
                <name>title</name>
                <value>Standard.Tab.detail</value>
            </componentInstanceProperties>
            <componentName>flexipage:tab</componentName>
        </componentInstances>
        <componentInstances>
            <componentInstanceProperties>
                <name>body</name>
                <value>Facet-b1fbe7e4-c033-45c2-ba34-86935b120db0</value>
            </componentInstanceProperties>
            <componentInstanceProperties>
                <name>title</name>
                <value>Unsubscribe</value>
            </componentInstanceProperties>
            <componentName>flexipage:tab</componentName>
        </componentInstances>
        <mode>Replace</mode>
        <name>maintabs</name>
        <type>Facet</type>
    </flexiPageRegions>
    <flexiPageRegions>
        <componentInstances>
            <componentInstanceProperties>
                <name>tabs</name>
                <value>maintabs</value>
            </componentInstanceProperties>
            <componentName>flexipage:tabset</componentName>
        </componentInstances>
        <componentInstances>
            <componentName>dupcheck:dc3Live</componentName>
        </componentInstances>
        <mode>Replace</mode>
        <name>main</name>
        <type>Region</type>
    </flexiPageRegions>
    <flexiPageRegions>
        <componentInstances>
            <componentName>runtime_sales_activities:activityPanel</componentName>
        </componentInstances>
        <mode>Replace</mode>
        <name>activityTabContent</name>
        <type>Facet</type>
    </flexiPageRegions>
    <flexiPageRegions>
        <componentInstances>
            <componentName>forceChatter:recordFeedContainer</componentName>
        </componentInstances>
        <mode>Replace</mode>
        <name>feedTabContent</name>
        <type>Facet</type>
    </flexiPageRegions>
    <flexiPageRegions>
        <componentInstances>
            <componentInstanceProperties>
                <name>active</name>
                <value>true</value>
            </componentInstanceProperties>
            <componentInstanceProperties>
                <name>body</name>
                <value>activityTabContent</value>
            </componentInstanceProperties>
            <componentInstanceProperties>
                <name>title</name>
                <value>Standard.Tab.activity</value>
            </componentInstanceProperties>
            <componentName>flexipage:tab</componentName>
        </componentInstances>
        <componentInstances>
            <componentInstanceProperties>
                <name>body</name>
                <value>feedTabContent</value>
            </componentInstanceProperties>
            <componentInstanceProperties>
                <name>title</name>
                <value>Standard.Tab.collaborate</value>
            </componentInstanceProperties>
            <componentName>flexipage:tab</componentName>
        </componentInstances>
        <mode>Replace</mode>
        <name>sidebartabs</name>
        <type>Facet</type>
    </flexiPageRegions>
    <flexiPageRegions>
        <componentInstances>
            <componentInstanceProperties>
                <name>tabs</name>
                <value>sidebartabs</value>
            </componentInstanceProperties>
            <componentName>flexipage:tabset</componentName>
        </componentInstances>
        <mode>Replace</mode>
        <name>sidebar</name>
        <type>Region</type>
    </flexiPageRegions>
    <masterLabel>Contact Record Page</masterLabel>
    <parentFlexiPage>sfa__Contact_rec_L</parentFlexiPage>
    <sobjectType>Contact</sobjectType>
    <template>
        <name>flexipage:recordHomeTemplateDesktop</name>
    </template>
    <type>RecordPage</type>
</FlexiPage>
