<?xml version="1.0" encoding="UTF-8"?>
<FlexiPage xmlns="http://soap.sforce.com/2006/04/metadata">
    <flexiPageRegions>
        <componentInstances>
            <componentInstanceProperties>
                <name>dashboardName</name>
                <value>pHTLElodfSKxQUZVjVDKVLNdwDBxyg5</value>
            </componentInstanceProperties>
            <componentInstanceProperties>
                <name>height</name>
                <value>10000</value>
            </componentInstanceProperties>
            <componentInstanceProperties>
                <name>hideOnError</name>
                <value>true</value>
            </componentInstanceProperties>
            <componentName>desktopDashboards:embeddedDashboard</componentName>
            <visibilityRule>
                <booleanFilter>1 AND 2 AND 3</booleanFilter>
                <criteria>
                    <leftValue>{!$User.Profile.Name}</leftValue>
                    <operator>NE</operator>
                    <rightValue>Country Manager</rightValue>
                </criteria>
                <criteria>
                    <leftValue>{!$User.Profile.Name}</leftValue>
                    <operator>NE</operator>
                    <rightValue>Central Sales</rightValue>
                </criteria>
                <criteria>
                    <leftValue>{!$User.Profile.Name}</leftValue>
                    <operator>NE</operator>
                    <rightValue>Country Product Manager</rightValue>
                </criteria>
            </visibilityRule>
        </componentInstances>
        <componentInstances>
            <componentInstanceProperties>
                <name>dashboardName</name>
                <value>eSjwLMOngZooJtPsvlSdjZaICcceBN</value>
            </componentInstanceProperties>
            <componentInstanceProperties>
                <name>hideOnError</name>
                <value>true</value>
            </componentInstanceProperties>
            <componentName>desktopDashboards:embeddedDashboard</componentName>
            <visibilityRule>
                <criteria>
                    <leftValue>{!$User.Profile.Name}</leftValue>
                    <operator>EQUAL</operator>
                    <rightValue>Country Manager</rightValue>
                </criteria>
            </visibilityRule>
        </componentInstances>
        <componentInstances>
            <componentInstanceProperties>
                <name>dashboardName</name>
                <value>eSjwLMOngZooJtPsvlSdjZaICcceBN1</value>
            </componentInstanceProperties>
            <componentInstanceProperties>
                <name>hideOnError</name>
                <value>true</value>
            </componentInstanceProperties>
            <componentName>desktopDashboards:embeddedDashboard</componentName>
            <visibilityRule>
                <criteria>
                    <leftValue>{!$User.Profile.Name}</leftValue>
                    <operator>EQUAL</operator>
                    <rightValue>Central Sales</rightValue>
                </criteria>
            </visibilityRule>
        </componentInstances>
        <componentInstances>
            <componentInstanceProperties>
                <name>dashboardName</name>
                <value>jDJtDsTgtUUSaRXizcOWlFAXQFdXVE</value>
            </componentInstanceProperties>
            <componentInstanceProperties>
                <name>hideOnError</name>
                <value>true</value>
            </componentInstanceProperties>
            <componentName>desktopDashboards:embeddedDashboard</componentName>
            <visibilityRule>
                <criteria>
                    <leftValue>{!$User.Profile.Name}</leftValue>
                    <operator>EQUAL</operator>
                    <rightValue>Country Product Manager</rightValue>
                </criteria>
            </visibilityRule>
        </componentInstances>
        <name>top</name>
        <type>Region</type>
    </flexiPageRegions>
    <flexiPageRegions>
        <componentInstances>
            <componentInstanceProperties>
                <name>cacheAge</name>
                <value>10</value>
            </componentInstanceProperties>
            <componentInstanceProperties>
                <name>reportName</name>
                <value>Tomorrow_s_Activities_by_Next_Call_Type</value>
            </componentInstanceProperties>
            <componentInstanceProperties>
                <name>showRefreshButton</name>
                <value>true</value>
            </componentInstanceProperties>
            <componentName>flexipage:reportChart</componentName>
        </componentInstances>
        <name>bottom</name>
        <type>Region</type>
    </flexiPageRegions>
    <flexiPageRegions>
        <componentInstances>
            <componentName>home:recentRecordContainer</componentName>
        </componentInstances>
        <name>bottom2</name>
        <type>Region</type>
    </flexiPageRegions>
    <flexiPageRegions>
        <componentInstances>
            <componentName>HomePageSupportCenter</componentName>
        </componentInstances>
        <name>bottom3</name>
        <type>Region</type>
    </flexiPageRegions>
    <masterLabel>CustomHomeLayout</masterLabel>
    <template>
        <name>CustomHomePage</name>
    </template>
    <type>HomePage</type>
</FlexiPage>
