<?xml version="1.0" encoding="UTF-8"?>
<FlexiPage xmlns="http://soap.sforce.com/2006/04/metadata">
    <description>The default utility bar for the Service Console application.</description>
    <flexiPageRegions>
        <componentInstances>
            <componentName>console:history</componentName>
        </componentInstances>
        <componentInstances>
            <componentName>notes:utilityBarNoteList</componentName>
        </componentInstances>
        <name>utilityItems</name>
        <type>Region</type>
    </flexiPageRegions>
    <masterLabel>Service Console App Utility Bar</masterLabel>
    <template>
        <name>one:utilityBarTemplateDesktop</name>
    </template>
    <type>UtilityBar</type>
</FlexiPage>
