<?xml version="1.0" encoding="UTF-8"?>
<FlexiPage xmlns="http://soap.sforce.com/2006/04/metadata">
    <flexiPageRegions>
        <componentInstances>
            <componentInstanceProperties>
                <name>collapsed</name>
                <value>false</value>
            </componentInstanceProperties>
            <componentInstanceProperties>
                <name>numVisibleActions</name>
                <value>3</value>
            </componentInstanceProperties>
            <componentName>force:highlightsPanel</componentName>
        </componentInstances>
        <componentInstances>
            <componentInstanceProperties>
                <name>decorate</name>
                <value>true</value>
            </componentInstanceProperties>
            <componentInstanceProperties>
                <name>richTextValue</name>
                <value>&lt;div>&lt;span style="font-size:16px;">This Opportunity is&amp;nbsp;&lt;span style="color:#FF0000;">&lt;b>Inactive&lt;/b>&lt;/span>. Please work with the latest Active Opportunity or create a new Opportunity.&lt;/span>&lt;/div></value>
            </componentInstanceProperties>
            <componentName>flexipage:richText</componentName>
            <visibilityRule>
                <criteria>
                    <leftValue>{!Record.IsActive__c}</leftValue>
                    <operator>EQUAL</operator>
                    <rightValue>false</rightValue>
                </criteria>
            </visibilityRule>
        </componentInstances>
        <componentInstances>
            <componentInstanceProperties>
                <name>decorate</name>
                <value>true</value>
            </componentInstanceProperties>
            <componentInstanceProperties>
                <name>richTextValue</name>
                <value>This Person Account is marked as Protected&amp;nbsp;Identity.&amp;nbsp;&lt;font color="#FF0000">&lt;b>Do not share contact details.&lt;/b>&lt;/font></value>
            </componentInstanceProperties>
            <componentName>flexipage:richText</componentName>
            <visibilityRule>
                <criteria>
                    <leftValue>{!Record.IsProtectedIdentity__c}</leftValue>
                    <operator>EQUAL</operator>
                    <rightValue>true</rightValue>
                </criteria>
            </visibilityRule>
        </componentInstances>
        <componentInstances>
            <componentName>force:relatedListQuickLinksContainer</componentName>
        </componentInstances>
        <name>header</name>
        <type>Region</type>
    </flexiPageRegions>
    <flexiPageRegions>
        <componentInstances>
            <componentName>runtime_sales_activities:activityPanel</componentName>
        </componentInstances>
        <name>facet-b95d6c50-9e19-4da4-9e6d-eb9c541bd533</name>
        <type>Facet</type>
    </flexiPageRegions>
    <flexiPageRegions>
        <componentInstances>
            <componentName>forceChatter:recordFeedContainer</componentName>
        </componentInstances>
        <name>facet-405ecb6d-f4ab-4165-8134-9221dbe96dce</name>
        <type>Facet</type>
    </flexiPageRegions>
    <flexiPageRegions>
        <componentInstances>
            <componentInstanceProperties>
                <name>active</name>
                <value>true</value>
            </componentInstanceProperties>
            <componentInstanceProperties>
                <name>body</name>
                <value>facet-b95d6c50-9e19-4da4-9e6d-eb9c541bd533</value>
            </componentInstanceProperties>
            <componentInstanceProperties>
                <name>title</name>
                <value>Standard.Tab.activity</value>
            </componentInstanceProperties>
            <componentName>flexipage:tab</componentName>
        </componentInstances>
        <componentInstances>
            <componentInstanceProperties>
                <name>body</name>
                <value>facet-405ecb6d-f4ab-4165-8134-9221dbe96dce</value>
            </componentInstanceProperties>
            <componentInstanceProperties>
                <name>title</name>
                <value>Standard.Tab.collaborate</value>
            </componentInstanceProperties>
            <componentName>flexipage:tab</componentName>
        </componentInstances>
        <name>facet-fa09814e-f7c9-46c0-9e54-5a74f3de0c76</name>
        <type>Facet</type>
    </flexiPageRegions>
    <flexiPageRegions>
        <componentInstances>
            <componentInstanceProperties>
                <name>tabs</name>
                <value>facet-fa09814e-f7c9-46c0-9e54-5a74f3de0c76</value>
            </componentInstanceProperties>
            <componentName>flexipage:tabset</componentName>
        </componentInstances>
        <name>main</name>
        <type>Region</type>
    </flexiPageRegions>
    <flexiPageRegions>
        <componentInstances>
            <componentName>OpportunityLogACall</componentName>
        </componentInstances>
        <name>rightsidebar</name>
        <type>Region</type>
    </flexiPageRegions>
    <flexiPageRegions>
        <componentInstances>
            <componentInstanceProperties>
                <name>createQuickActionName</name>
                <value>NewOpportunity</value>
            </componentInstanceProperties>
            <componentInstanceProperties>
                <name>lookupFieldName</name>
                <value>Id</value>
            </componentInstanceProperties>
            <componentInstanceProperties>
                <name>titleFieldName</name>
                <value>Account Details</value>
            </componentInstanceProperties>
            <componentInstanceProperties>
                <name>updateQuickActionName</name>
                <value>Opportunity.ViewPersonAccountInformation</value>
            </componentInstanceProperties>
            <componentName>console:relatedRecord</componentName>
        </componentInstances>
        <name>facet-d52409f1-071a-4662-a8ce-7a5d9de6a1ed</name>
        <type>Facet</type>
    </flexiPageRegions>
    <flexiPageRegions>
        <componentInstances>
            <componentName>force:detailPanel</componentName>
        </componentInstances>
        <name>facet-476f7b8f-02c2-4b07-926f-cbeb8326d22f</name>
        <type>Facet</type>
    </flexiPageRegions>
    <flexiPageRegions>
        <componentInstances>
            <componentInstanceProperties>
                <name>createQuickActionName</name>
                <value>NewAccount</value>
            </componentInstanceProperties>
            <componentInstanceProperties>
                <name>lookupFieldName</name>
                <value>AccountId</value>
            </componentInstanceProperties>
            <componentInstanceProperties>
                <name>titleFieldName</name>
                <value>Mailing Preferences</value>
            </componentInstanceProperties>
            <componentInstanceProperties>
                <name>updateQuickActionName</name>
                <value>Account.UpdateMailingPreferences</value>
            </componentInstanceProperties>
            <componentName>console:relatedRecord</componentName>
        </componentInstances>
        <name>facet-43338a1e-7c3e-4e3f-a4a6-a521d0441104</name>
        <type>Facet</type>
    </flexiPageRegions>
    <flexiPageRegions>
        <componentInstances>
            <componentInstanceProperties>
                <name>parentFieldApiName</name>
                <value>Opportunity.AccountId</value>
            </componentInstanceProperties>
            <componentInstanceProperties>
                <name>relatedListApiName</name>
                <value>AccountContactRelations</value>
            </componentInstanceProperties>
            <componentInstanceProperties>
                <name>relatedListComponentOverride</name>
                <value>NONE</value>
            </componentInstanceProperties>
            <componentName>force:relatedListSingleContainer</componentName>
        </componentInstances>
        <componentInstances>
            <componentInstanceProperties>
                <name>flowArguments</name>
                <value>[{&quot;label&quot;:&quot;OpportunityId&quot;,&quot;dataType&quot;:&quot;String&quot;,&quot;supportsRecordId&quot;:true,&quot;value&quot;:&quot;{!Record.Id}&quot;}]</value>
            </componentInstanceProperties>
            <componentInstanceProperties>
                <name>flowLayout</name>
                <value>twoColumn</value>
            </componentInstanceProperties>
            <componentInstanceProperties>
                <name>flowName</name>
                <value>Create_Account_Contact_Relationship</value>
            </componentInstanceProperties>
            <componentName>flowruntime:interview</componentName>
            <visibilityRule>
                <criteria>
                    <leftValue>{!Record.IsActive__c}</leftValue>
                    <operator>EQUAL</operator>
                    <rightValue>true</rightValue>
                </criteria>
            </visibilityRule>
        </componentInstances>
        <name>facet-bfc38210-1259-4f37-b103-8fde37fe5692</name>
        <type>Facet</type>
    </flexiPageRegions>
    <flexiPageRegions>
        <componentInstances>
            <componentInstanceProperties>
                <name>createQuickActionName</name>
                <value>NewOpportunity</value>
            </componentInstanceProperties>
            <componentInstanceProperties>
                <name>lookupFieldName</name>
                <value>Id</value>
            </componentInstanceProperties>
            <componentInstanceProperties>
                <name>titleFieldName</name>
                <value>Referred By</value>
            </componentInstanceProperties>
            <componentInstanceProperties>
                <name>updateQuickActionName</name>
                <value>Opportunity.ReferredBy</value>
            </componentInstanceProperties>
            <componentName>console:relatedRecord</componentName>
        </componentInstances>
        <name>Facet-f9bd8d8c-32fa-4079-aac9-1370c80c9487</name>
        <type>Facet</type>
    </flexiPageRegions>
    <flexiPageRegions>
        <componentInstances>
            <componentInstanceProperties>
                <name>active</name>
                <value>true</value>
            </componentInstanceProperties>
            <componentInstanceProperties>
                <name>body</name>
                <value>facet-d52409f1-071a-4662-a8ce-7a5d9de6a1ed</value>
            </componentInstanceProperties>
            <componentInstanceProperties>
                <name>title</name>
                <value>Customer</value>
            </componentInstanceProperties>
            <componentName>flexipage:tab</componentName>
        </componentInstances>
        <componentInstances>
            <componentInstanceProperties>
                <name>body</name>
                <value>facet-476f7b8f-02c2-4b07-926f-cbeb8326d22f</value>
            </componentInstanceProperties>
            <componentInstanceProperties>
                <name>title</name>
                <value>Standard.Tab.detail</value>
            </componentInstanceProperties>
            <componentName>flexipage:tab</componentName>
        </componentInstances>
        <componentInstances>
            <componentInstanceProperties>
                <name>body</name>
                <value>facet-43338a1e-7c3e-4e3f-a4a6-a521d0441104</value>
            </componentInstanceProperties>
            <componentInstanceProperties>
                <name>title</name>
                <value>Unsubscribe</value>
            </componentInstanceProperties>
            <componentName>flexipage:tab</componentName>
        </componentInstances>
        <componentInstances>
            <componentInstanceProperties>
                <name>body</name>
                <value>facet-bfc38210-1259-4f37-b103-8fde37fe5692</value>
            </componentInstanceProperties>
            <componentInstanceProperties>
                <name>title</name>
                <value>Family</value>
            </componentInstanceProperties>
            <componentName>flexipage:tab</componentName>
        </componentInstances>
        <componentInstances>
            <componentInstanceProperties>
                <name>body</name>
                <value>Facet-f9bd8d8c-32fa-4079-aac9-1370c80c9487</value>
            </componentInstanceProperties>
            <componentInstanceProperties>
                <name>title</name>
                <value>Referred By</value>
            </componentInstanceProperties>
            <componentName>flexipage:tab</componentName>
        </componentInstances>
        <name>facet-507bd50e-91ce-4184-a3ba-9bf255deb62b</name>
        <type>Facet</type>
    </flexiPageRegions>
    <flexiPageRegions>
        <componentInstances>
            <componentInstanceProperties>
                <name>tabs</name>
                <value>facet-507bd50e-91ce-4184-a3ba-9bf255deb62b</value>
            </componentInstanceProperties>
            <componentName>flexipage:tabset</componentName>
        </componentInstances>
        <name>leftsidebar</name>
        <type>Region</type>
    </flexiPageRegions>
    <masterLabel>Opportunity Lightning Page Layout</masterLabel>
    <sobjectType>Opportunity</sobjectType>
    <template>
        <name>flexipage:recordHomeThreeColHeaderTemplateDesktop</name>
    </template>
    <type>RecordPage</type>
</FlexiPage>