<?xml version="1.0" encoding="UTF-8"?>
<FlexiPage xmlns="http://soap.sforce.com/2006/04/metadata">
    <flexiPageRegions>
        <componentInstances>
            <componentInstanceProperties>
                <name>collapsed</name>
                <value>false</value>
            </componentInstanceProperties>
            <componentInstanceProperties>
                <name>numVisibleActions</name>
                <value>3</value>
            </componentInstanceProperties>
            <componentName>force:highlightsPanel</componentName>
        </componentInstances>
        <name>header</name>
        <type>Region</type>
    </flexiPageRegions>
    <flexiPageRegions>
        <componentInstances>
            <componentName>AccountOpportunitiesList</componentName>
        </componentInstances>
        <componentInstances>
            <componentInstanceProperties>
                <name>parentFieldApiName</name>
                <value>Account.Id</value>
            </componentInstanceProperties>
            <componentInstanceProperties>
                <name>relatedListApiName</name>
                <value>Bookings__r</value>
            </componentInstanceProperties>
            <componentInstanceProperties>
                <name>relatedListComponentOverride</name>
                <value>NONE</value>
            </componentInstanceProperties>
            <componentName>force:relatedListSingleContainer</componentName>
        </componentInstances>
        <componentInstances>
            <componentName>force:relatedListQuickLinksContainer</componentName>
        </componentInstances>
        <name>facet-bdaa32d9-9723-4575-be38-8548ac663268</name>
        <type>Facet</type>
    </flexiPageRegions>
    <flexiPageRegions>
        <componentInstances>
            <componentName>force:detailPanel</componentName>
        </componentInstances>
        <name>facet-feca67ad-a290-424b-9a97-38aceba6582d</name>
        <type>Facet</type>
    </flexiPageRegions>
    <flexiPageRegions>
        <componentInstances>
            <componentInstanceProperties>
                <name>createQuickActionName</name>
                <value>NewAccount</value>
            </componentInstanceProperties>
            <componentInstanceProperties>
                <name>lookupFieldName</name>
                <value>Id</value>
            </componentInstanceProperties>
            <componentInstanceProperties>
                <name>titleFieldName</name>
                <value>Passport Details</value>
            </componentInstanceProperties>
            <componentInstanceProperties>
                <name>updateQuickActionName</name>
                <value>Account.UpdateIdentityInfo</value>
            </componentInstanceProperties>
            <componentName>console:relatedRecord</componentName>
        </componentInstances>
        <name>facet-bba03ece-b25e-4d02-947e-c3b458700f43</name>
        <type>Facet</type>
    </flexiPageRegions>
    <flexiPageRegions>
        <componentInstances>
            <componentInstanceProperties>
                <name>createQuickActionName</name>
                <value>NewAccount</value>
            </componentInstanceProperties>
            <componentInstanceProperties>
                <name>lookupFieldName</name>
                <value>Id</value>
            </componentInstanceProperties>
            <componentInstanceProperties>
                <name>titleFieldName</name>
                <value>Mailing Preferences</value>
            </componentInstanceProperties>
            <componentInstanceProperties>
                <name>updateQuickActionName</name>
                <value>Account.UpdateMailingPreferences</value>
            </componentInstanceProperties>
            <componentName>console:relatedRecord</componentName>
        </componentInstances>
        <name>facet-d0599f49-83b5-43cd-a6b3-9751e486df2f</name>
        <type>Facet</type>
    </flexiPageRegions>
    <flexiPageRegions>
        <componentInstances>
            <componentInstanceProperties>
                <name>parentFieldApiName</name>
                <value>Account.Id</value>
            </componentInstanceProperties>
            <componentInstanceProperties>
                <name>relatedListApiName</name>
                <value>AccountContactRelations</value>
            </componentInstanceProperties>
            <componentInstanceProperties>
                <name>relatedListComponentOverride</name>
                <value>NONE</value>
            </componentInstanceProperties>
            <componentName>force:relatedListSingleContainer</componentName>
        </componentInstances>
        <componentInstances>
            <componentInstanceProperties>
                <name>flowArguments</name>
                <value>[{&quot;label&quot;:&quot;AccountId&quot;,&quot;dataType&quot;:&quot;String&quot;,&quot;supportsRecordId&quot;:true,&quot;value&quot;:&quot;{!Record.Id}&quot;}]</value>
            </componentInstanceProperties>
            <componentInstanceProperties>
                <name>flowLayout</name>
                <value>twoColumn</value>
            </componentInstanceProperties>
            <componentInstanceProperties>
                <name>flowName</name>
                <value>AddFamilyMemberfromAccountScreen</value>
            </componentInstanceProperties>
            <componentName>flowruntime:interview</componentName>
        </componentInstances>
        <name>facet-44d60751-38db-4522-9fde-b3099bfd1933</name>
        <type>Facet</type>
    </flexiPageRegions>
    <flexiPageRegions>
        <componentInstances>
            <componentName>ViewAmbassadorPoints</componentName> 
        </componentInstances>
        <componentInstances>
            <componentInstanceProperties>
                <name>createQuickActionName</name>
                <value>NewAccount</value>
            </componentInstanceProperties>
            <componentInstanceProperties>
                <name>lookupFieldName</name>
                <value>Id</value>
            </componentInstanceProperties>
            <componentInstanceProperties>
                <name>titleFieldName</name>
                <value>Create/Edit Ambassador</value>
            </componentInstanceProperties>
            <componentInstanceProperties>
                <name>updateQuickActionName</name>
                <value>Account.Ambassador</value>
            </componentInstanceProperties>
            <componentName>console:relatedRecord</componentName>
        </componentInstances>
        <componentInstances>
            <componentInstanceProperties>
                <name>parentFieldApiName</name>
                <value>Account.Id</value>
            </componentInstanceProperties>
            <componentInstanceProperties>
                <name>relatedListApiName</name>
                <value>ReferredBookings__r</value>
            </componentInstanceProperties>
            <componentInstanceProperties>
                <name>relatedListComponentOverride</name>
                <value>GRID</value>
            </componentInstanceProperties>
            <componentName>force:relatedListSingleContainer</componentName>
        </componentInstances>
        <componentInstances>
            <componentName>AmbassadorOpportunities</componentName>
        </componentInstances>
        <componentInstances>
            <componentInstanceProperties>
                <name>parentFieldApiName</name>
                <value>Account.Id</value>
            </componentInstanceProperties>
            <componentInstanceProperties>
                <name>relatedListApiName</name>
                <value>Leads__r</value>
            </componentInstanceProperties>
            <componentInstanceProperties>
                <name>relatedListComponentOverride</name>
                <value>GRID</value>
            </componentInstanceProperties>
            <componentName>force:relatedListSingleContainer</componentName>
        </componentInstances>
        <name>facet-b0a3efe5-d90d-4ce2-b032-8ad1b9be2a28</name>
        <type>Facet</type>
    </flexiPageRegions>
    <flexiPageRegions>
        <componentInstances>
            <componentInstanceProperties>
                <name>active</name>
                <value>true</value>
            </componentInstanceProperties>
            <componentInstanceProperties>
                <name>body</name>
                <value>facet-bdaa32d9-9723-4575-be38-8548ac663268</value>
            </componentInstanceProperties>
            <componentInstanceProperties>
                <name>title</name>
                <value>Standard.Tab.relatedLists</value>
            </componentInstanceProperties>
            <componentName>flexipage:tab</componentName>
        </componentInstances>
        <componentInstances>
            <componentInstanceProperties>
                <name>body</name>
                <value>facet-feca67ad-a290-424b-9a97-38aceba6582d</value>
            </componentInstanceProperties>
            <componentInstanceProperties>
                <name>title</name>
                <value>Standard.Tab.detail</value>
            </componentInstanceProperties>
            <componentName>flexipage:tab</componentName>
        </componentInstances>
        <componentInstances>
            <componentInstanceProperties>
                <name>body</name>
                <value>facet-bba03ece-b25e-4d02-947e-c3b458700f43</value>
            </componentInstanceProperties>
            <componentInstanceProperties>
                <name>title</name>
                <value>Other Details</value>
            </componentInstanceProperties>
            <componentName>flexipage:tab</componentName>
        </componentInstances>
        <componentInstances>
            <componentInstanceProperties>
                <name>body</name>
                <value>facet-d0599f49-83b5-43cd-a6b3-9751e486df2f</value>
            </componentInstanceProperties>
            <componentInstanceProperties>
                <name>title</name>
                <value>Unsubscribe</value>
            </componentInstanceProperties>
            <componentName>flexipage:tab</componentName>
        </componentInstances>
        <componentInstances>
            <componentInstanceProperties>
                <name>body</name>
                <value>facet-44d60751-38db-4522-9fde-b3099bfd1933</value>
            </componentInstanceProperties>
            <componentInstanceProperties>
                <name>title</name>
                <value>Family</value>
            </componentInstanceProperties>
            <componentName>flexipage:tab</componentName>
        </componentInstances>
        <componentInstances>
            <componentInstanceProperties>
                <name>body</name>
                <value>facet-b0a3efe5-d90d-4ce2-b032-8ad1b9be2a28</value>
            </componentInstanceProperties>
            <componentInstanceProperties>
                <name>title</name>
                <value>Ambassador</value>
            </componentInstanceProperties>
            <componentName>flexipage:tab</componentName>
        </componentInstances>
        <name>facet-27fc7993-4c8e-44d5-bea9-31465d689f1b</name>
        <type>Facet</type>
    </flexiPageRegions>
    <flexiPageRegions>
        <componentInstances>
            <componentInstanceProperties>
                <name>tabs</name>
                <value>facet-27fc7993-4c8e-44d5-bea9-31465d689f1b</value>
            </componentInstanceProperties>
            <componentName>flexipage:tabset</componentName>
        </componentInstances>
        <componentInstances>
            <componentName>dupcheck:dc3Live</componentName>
        </componentInstances>
        <name>main</name>
        <type>Region</type>
    </flexiPageRegions>
    <flexiPageRegions>
        <componentInstances>
            <componentName>runtime_sales_activities:activityPanel</componentName>
        </componentInstances>
        <name>facet-41f17296-8367-4b16-a547-c0b230f8f671</name>
        <type>Facet</type>
    </flexiPageRegions>
    <flexiPageRegions>
        <componentInstances>
            <componentName>forceChatter:recordFeedContainer</componentName>
        </componentInstances>
        <name>facet-37535026-2c02-414b-ac19-8270f2bfadff</name>
        <type>Facet</type>
    </flexiPageRegions>
    <flexiPageRegions>
        <componentInstances>
            <componentInstanceProperties>
                <name>active</name>
                <value>true</value>
            </componentInstanceProperties>
            <componentInstanceProperties>
                <name>body</name>
                <value>facet-41f17296-8367-4b16-a547-c0b230f8f671</value>
            </componentInstanceProperties>
            <componentInstanceProperties>
                <name>title</name>
                <value>Standard.Tab.activity</value>
            </componentInstanceProperties>
            <componentName>flexipage:tab</componentName>
        </componentInstances>
        <componentInstances>
            <componentInstanceProperties>
                <name>body</name>
                <value>facet-37535026-2c02-414b-ac19-8270f2bfadff</value>
            </componentInstanceProperties>
            <componentInstanceProperties>
                <name>title</name>
                <value>Standard.Tab.collaborate</value>
            </componentInstanceProperties>
            <componentName>flexipage:tab</componentName>
        </componentInstances>
        <name>facet-c771b2b4-902e-4adf-a2ab-1d6e1fef8768</name>
        <type>Facet</type>
    </flexiPageRegions>
    <flexiPageRegions>
        <componentInstances>
            <componentName>AccountLogACall</componentName>
            <visibilityRule>
                <criteria>
                    <leftValue>{!Record.ReadyForHappyCall__c}</leftValue>
                    <operator>EQUAL</operator>
                    <rightValue>true</rightValue>
                </criteria>
            </visibilityRule>
        </componentInstances>
        <componentInstances>
            <componentInstanceProperties>
                <name>tabs</name>
                <value>facet-c771b2b4-902e-4adf-a2ab-1d6e1fef8768</value>
            </componentInstanceProperties>
            <componentName>flexipage:tabset</componentName>
        </componentInstances>
        <name>sidebar</name>
        <type>Region</type>
    </flexiPageRegions>
    <masterLabel>Person Account Lightning  Layout</masterLabel>
    <sobjectType>Account</sobjectType>
    <template>
        <name>flexipage:recordHomeTemplateDesktop</name>
    </template>
    <type>RecordPage</type>
</FlexiPage>