<?xml version="1.0" encoding="UTF-8"?>
<FlexiPage xmlns="http://soap.sforce.com/2006/04/metadata">
    <flexiPageRegions>
        <componentInstances>
            <componentInstanceProperties>
                <name>eager</name>
                <type>decorator</type>
                <value>true</value>
            </componentInstanceProperties>
            <componentInstanceProperties>
                <name>height</name>
                <type>decorator</type>
                <value>480</value>
            </componentInstanceProperties>
            <componentInstanceProperties>
                <name>icon</name>
                <type>decorator</type>
                <value>call</value>
            </componentInstanceProperties>
            <componentInstanceProperties>
                <name>label</name>
                <type>decorator</type>
                <value>Dialpad</value>
            </componentInstanceProperties>
            <componentInstanceProperties>
                <name>scrollable</name>
                <type>decorator</type>
                <value>true</value>
            </componentInstanceProperties>
            <componentInstanceProperties>
                <name>width</name>
                <type>decorator</type>
                <value>340</value>
            </componentInstanceProperties>
            <componentName>opencti:softPhone</componentName>
        </componentInstances>
        <name>utilityItems</name>
        <type>Region</type>
    </flexiPageRegions>
    <masterLabel>Sales UtilityBar</masterLabel>
    <template>
        <name>one:utilityBarTemplateDesktop</name>
    </template>
    <type>UtilityBar</type>
</FlexiPage>
