<?xml version="1.0" encoding="UTF-8"?>
<FlexiPage xmlns="http://soap.sforce.com/2006/04/metadata">
    <flexiPageRegions>
        <componentInstances>
            <componentInstanceProperties>
                <name>collapsed</name>
                <value>false</value>
            </componentInstanceProperties>
            <componentInstanceProperties>
                <name>numVisibleActions</name>
                <value>3</value>
            </componentInstanceProperties>
            <componentName>force:highlightsPanel</componentName>
        </componentInstances>
        <name>header</name>
        <type>Region</type>
    </flexiPageRegions>
    <flexiPageRegions>
        <componentInstances>
            <componentName>force:detailPanel</componentName>
        </componentInstances>
        <name>Facet-fabb1b89-e46e-45e6-8b45-b4eed8a20769</name>
        <type>Facet</type>
    </flexiPageRegions>
    <flexiPageRegions>
        <componentInstances>
            <componentInstanceProperties>
                <name>parentFieldApiName</name>
                <value>Account.Id</value>
            </componentInstanceProperties>
            <componentInstanceProperties>
                <name>relatedListApiName</name>
                <value>Contacts</value>
            </componentInstanceProperties>
            <componentInstanceProperties>
                <name>relatedListComponentOverride</name>
                <value>GRID</value>
            </componentInstanceProperties>
            <componentName>force:relatedListSingleContainer</componentName>
        </componentInstances>
        <name>Facet-599b6624-538a-4317-97ac-9007d026c7ba</name>
        <type>Facet</type>
    </flexiPageRegions>
    <flexiPageRegions>
        <componentInstances>
            <componentInstanceProperties>
                <name>parentFieldApiName</name>
                <value>Account.Id</value>
            </componentInstanceProperties>
            <componentInstanceProperties>
                <name>relatedListApiName</name>
                <value>SchoolBookings__r</value>
            </componentInstanceProperties>
            <componentInstanceProperties>
                <name>relatedListComponentOverride</name>
                <value>GRID</value>
            </componentInstanceProperties>
            <componentName>force:relatedListSingleContainer</componentName>
        </componentInstances>
        <componentInstances>
            <componentInstanceProperties>
                <name>lookupName</name>
                <value>School__c</value>
            </componentInstanceProperties>
            <componentName>AccountOpportunitiesList</componentName>
        </componentInstances>
        <componentInstances>
            <componentInstanceProperties>
                <name>parentFieldApiName</name>
                <value>Account.Id</value>
            </componentInstanceProperties>
            <componentInstanceProperties>
                <name>relatedListApiName</name>
                <value>SchoolLeads__r</value>
            </componentInstanceProperties>
            <componentInstanceProperties>
                <name>relatedListComponentOverride</name>
                <value>GRID</value>
            </componentInstanceProperties>
            <componentName>force:relatedListSingleContainer</componentName>
        </componentInstances>
        <name>Facet-82623646-578b-494b-8d6e-a8878ba2d001</name>
        <type>Facet</type>
    </flexiPageRegions>
    <flexiPageRegions>
        <componentInstances>
            <componentInstanceProperties>
                <name>parentFieldApiName</name>
                <value>Account.Id</value>
            </componentInstanceProperties>
            <componentInstanceProperties>
                <name>relatedListApiName</name>
                <value>AttachedContentDocuments</value>
            </componentInstanceProperties>
            <componentInstanceProperties>
                <name>relatedListComponentOverride</name>
                <value>GRID</value>
            </componentInstanceProperties>
            <componentName>force:relatedListSingleContainer</componentName>
        </componentInstances>
        <name>Facet-005ef672-ae81-46ab-a689-ff507f18430d</name>
        <type>Facet</type>
    </flexiPageRegions>
    <flexiPageRegions>
        <componentInstances>
            <componentInstanceProperties>
                <name>parentFieldApiName</name>
                <value>Account.Id</value>
            </componentInstanceProperties>
            <componentInstanceProperties>
                <name>relatedListApiName</name>
                <value>AttachedContentNotes</value>
            </componentInstanceProperties>
            <componentInstanceProperties>
                <name>relatedListComponentOverride</name>
                <value>NONE</value>
            </componentInstanceProperties>
            <componentName>force:relatedListSingleContainer</componentName>
        </componentInstances>
        <name>Facet-e624680a-0474-47ca-ac0f-cb8b839f7134</name>
        <type>Facet</type>
    </flexiPageRegions>
    <flexiPageRegions>
        <componentInstances>
            <componentInstanceProperties>
                <name>createQuickActionName</name>
                <value>NewAccount</value>
            </componentInstanceProperties>
            <componentInstanceProperties>
                <name>lookupFieldName</name>
                <value>Id</value>
            </componentInstanceProperties>
            <componentInstanceProperties>
                <name>titleFieldName</name>
                <value>Mailing Preferences</value>
            </componentInstanceProperties>
            <componentInstanceProperties>
                <name>updateQuickActionName</name>
                <value>Account.UpdateMailingPreferences</value>
            </componentInstanceProperties>
            <componentName>console:relatedRecord</componentName>
        </componentInstances>
        <name>Facet-c630337d-db90-42b5-b36e-d33681853218</name>
        <type>Facet</type>
    </flexiPageRegions>
    <flexiPageRegions>
        <componentInstances>
            <componentInstanceProperties>
                <name>active</name>
                <value>true</value>
            </componentInstanceProperties>
            <componentInstanceProperties>
                <name>body</name>
                <value>Facet-fabb1b89-e46e-45e6-8b45-b4eed8a20769</value>
            </componentInstanceProperties>
            <componentInstanceProperties>
                <name>title</name>
                <value>Standard.Tab.detail</value>
            </componentInstanceProperties>
            <componentName>flexipage:tab</componentName>
        </componentInstances>
        <componentInstances>
            <componentInstanceProperties>
                <name>body</name>
                <value>Facet-599b6624-538a-4317-97ac-9007d026c7ba</value>
            </componentInstanceProperties>
            <componentInstanceProperties>
                <name>title</name>
                <value>Contacts</value>
            </componentInstanceProperties>
            <componentName>flexipage:tab</componentName>
        </componentInstances>
        <componentInstances>
            <componentInstanceProperties>
                <name>body</name>
                <value>Facet-82623646-578b-494b-8d6e-a8878ba2d001</value>
            </componentInstanceProperties>
            <componentInstanceProperties>
                <name>title</name>
                <value>Statistics</value>
            </componentInstanceProperties>
            <componentName>flexipage:tab</componentName>
        </componentInstances>
        <componentInstances>
            <componentInstanceProperties>
                <name>body</name>
                <value>Facet-005ef672-ae81-46ab-a689-ff507f18430d</value>
            </componentInstanceProperties>
            <componentInstanceProperties>
                <name>title</name>
                <value>Files</value>
            </componentInstanceProperties>
            <componentName>flexipage:tab</componentName>
        </componentInstances>
        <componentInstances>
            <componentInstanceProperties>
                <name>body</name>
                <value>Facet-e624680a-0474-47ca-ac0f-cb8b839f7134</value>
            </componentInstanceProperties>
            <componentInstanceProperties>
                <name>title</name>
                <value>Notes</value>
            </componentInstanceProperties>
            <componentName>flexipage:tab</componentName>
        </componentInstances>
        <componentInstances>
            <componentInstanceProperties>
                <name>body</name>
                <value>Facet-c630337d-db90-42b5-b36e-d33681853218</value>
            </componentInstanceProperties>
            <componentInstanceProperties>
                <name>title</name>
                <value>Unsubscribe</value>
            </componentInstanceProperties>
            <componentName>flexipage:tab</componentName>
        </componentInstances>
        <name>Facet-af0aa5ab-2a2e-4880-9e94-0c997f2a0ac5</name>
        <type>Facet</type>
    </flexiPageRegions>
    <flexiPageRegions>
        <componentInstances>
            <componentInstanceProperties>
                <name>tabs</name>
                <value>Facet-af0aa5ab-2a2e-4880-9e94-0c997f2a0ac5</value>
            </componentInstanceProperties>
            <componentName>flexipage:tabset</componentName>
        </componentInstances>
        <name>main</name>
        <type>Region</type>
    </flexiPageRegions>
    <flexiPageRegions>
        <componentInstances>
            <componentName>runtime_sales_activities:activityPanel</componentName>
        </componentInstances>
        <name>Facet-baa08bfe-41fa-4bc8-b20c-4b42f4429b6d</name>
        <type>Facet</type>
    </flexiPageRegions>
    <flexiPageRegions>
        <componentInstances>
            <componentName>forceChatter:recordFeedContainer</componentName>
        </componentInstances>
        <name>Facet-c2e29497-51ab-4147-90ff-36d5054e19c5</name>
        <type>Facet</type>
    </flexiPageRegions>
    <flexiPageRegions>
        <componentInstances>
            <componentInstanceProperties>
                <name>active</name>
                <value>true</value>
            </componentInstanceProperties>
            <componentInstanceProperties>
                <name>body</name>
                <value>Facet-baa08bfe-41fa-4bc8-b20c-4b42f4429b6d</value>
            </componentInstanceProperties>
            <componentInstanceProperties>
                <name>title</name>
                <value>Standard.Tab.activity</value>
            </componentInstanceProperties>
            <componentName>flexipage:tab</componentName>
        </componentInstances>
        <componentInstances>
            <componentInstanceProperties>
                <name>body</name>
                <value>Facet-c2e29497-51ab-4147-90ff-36d5054e19c5</value>
            </componentInstanceProperties>
            <componentInstanceProperties>
                <name>title</name>
                <value>Standard.Tab.collaborate</value>
            </componentInstanceProperties>
            <componentName>flexipage:tab</componentName>
        </componentInstances>
        <name>Facet-2bdf48a8-4f59-4002-b9d6-53aaafc4dd77</name>
        <type>Facet</type>
    </flexiPageRegions>
    <flexiPageRegions>
        <componentInstances>
            <componentInstanceProperties>
                <name>tabs</name>
                <value>Facet-2bdf48a8-4f59-4002-b9d6-53aaafc4dd77</value>
            </componentInstanceProperties>
            <componentName>flexipage:tabset</componentName>
        </componentInstances>
        <name>sidebar</name>
        <type>Region</type>
    </flexiPageRegions>
    <masterLabel>School Lightning Page</masterLabel>
    <sobjectType>Account</sobjectType>
    <template>
        <name>flexipage:recordHomeTemplateDesktop</name>
    </template>
    <type>RecordPage</type>
</FlexiPage>
