<?xml version="1.0" encoding="UTF-8"?>
<FlexiPage xmlns="http://soap.sforce.com/2006/04/metadata">
    <flexiPageRegions>
        <componentInstances>
            <componentInstanceProperties>
                <name>entityApiName</name>
                <value>Account</value>
            </componentInstanceProperties>
            <componentName>clients:relatedRecordsPageFlex</componentName>
        </componentInstances>
        <componentInstances>
            <componentInstanceProperties>
                <name>entityApiName</name>
                <value>Opportunity</value>
            </componentInstanceProperties>
            <componentName>clients:relatedRecordsPageFlex</componentName>
        </componentInstances>
        <mode>Replace</mode>
        <name>main</name>
        <type>Region</type>
    </flexiPageRegions>
    <masterLabel>Standard Email Application Pane</masterLabel>
    <parentFlexiPage>clients__default_app_L</parentFlexiPage>
    <template>
        <name>clients:defaultMailAppTemplate</name>
    </template>
    <type>MailAppAppPage</type>
</FlexiPage>
