<?xml version="1.0" encoding="UTF-8"?>
<EmailTemplate xmlns="http://soap.sforce.com/2006/04/metadata">
    <available>true</available>
    <description>Notification of login and password to new Customer Portal user</description>
    <encodingKey>ISO-8859-1</encodingKey>
    <name>Customer Portal: New User Login Information (SAMPLE)</name>
    <style>none</style>
    <subject>Your {!Organization.Name} Customer Portal username and password</subject>
    <type>text</type>
    <uiType>Aloha</uiType>
</EmailTemplate>
