<?xml version="1.0" encoding="UTF-8"?>
<EmailTemplate xmlns="http://soap.sforce.com/2006/04/metadata">
    <available>true</available>
    <description>Notification of new password when Self-Service password is reset</description>
    <encodingKey>ISO-8859-1</encodingKey>
    <name>SUPPORT:  Self-Service Reset Password  (SAMPLE)</name>
    <style>none</style>
    <subject>Your new {!Organization.Name} Self-Service password</subject>
    <type>text</type>
    <uiType>Aloha</uiType>
</EmailTemplate>
