<?xml version="1.0" encoding="UTF-8"?>
<EmailTemplate xmlns="http://soap.sforce.com/2006/04/metadata">
    <available>true</available>
    <description>Auto-response when new case is submitted online.</description>
    <encodingKey>ISO-8859-1</encodingKey>
    <name>SUPPORT:  Web-to-Case email response (SAMPLE)</name>
    <style>none</style>
    <subject>{!Organization.Name} Case # {!Case.CaseNumber}:  {!Case.Subject}</subject>
    <type>text</type>
    <uiType>Aloha</uiType>
</EmailTemplate>
