<?xml version="1.0" encoding="UTF-8"?>
<EmailTemplate xmlns="http://soap.sforce.com/2006/04/metadata">
    <available>true</available>
    <description>Benachrichtigung wenn das Kundenportal Kennwort züruckgesetzt wurde</description>
    <encodingKey>ISO-8859-1</encodingKey>
    <name>Kundenportal: Self-Service Kennwort Züruckgesetzt (Beispiel)</name>
    <style>none</style>
    <subject>Ihr neuer {!Organization.Name} Kundenportal Kennwort</subject>
    <type>text</type>
    <uiType>Aloha</uiType>
</EmailTemplate>
