<?xml version="1.0" encoding="UTF-8"?>
<EmailTemplate xmlns="http://soap.sforce.com/2006/04/metadata">
    <available>true</available>
    <description>Interne Benachrichtigung zum Lead Inhaber, wenn eine neuer Lead zugewiesen wird.</description>
    <encodingKey>ISO-8859-1</encodingKey>
    <name>Leads: Neue Zuordnungsbenachrichtigung (Beispiel)</name>
    <style>none</style>
    <subject>Neue Lead Zuweisungsbenachrichtigung : {!Lead.Name} von {!Lead.Company}</subject>
    <type>text</type>
    <uiType>Aloha</uiType>
</EmailTemplate>
