<?xml version="1.0" encoding="UTF-8"?>
<EmailTemplate xmlns="http://soap.sforce.com/2006/04/metadata">
    <available>true</available>
    <description>Automatische Antwort wenn ein neuer Lead online vorgelegt ist.</description>
    <encodingKey>ISO-8859-1</encodingKey>
    <name>Leads: Web-To-Lead Email Antwort (Beispiel)</name>
    <style>none</style>
    <subject>{!Organization.Name}: Danke für Ihre Anfrage</subject>
    <type>text</type>
    <uiType>Aloha</uiType>
</EmailTemplate>
