<?xml version="1.0" encoding="UTF-8"?>
<EmailTemplate xmlns="http://soap.sforce.com/2006/04/metadata">
    <available>true</available>
    <description>Beispiel E-Mail Vorlage für das Self-Service Portal.</description>
    <encodingKey>ISO-8859-1</encodingKey>
    <name>SUPPORT: Self-Service Neue Kommentarbenachrichtigung (Beispiel)</name>
    <style>none</style>
    <subject>Ihr Kundenvorgang {!Case.CaseNumber} wurde aktualisiert</subject>
    <type>text</type>
    <uiType>Aloha</uiType>
</EmailTemplate>
