<?xml version="1.0" encoding="UTF-8"?>
<EmailTemplate xmlns="http://soap.sforce.com/2006/04/metadata">
    <available>true</available>
    <description>Automatische Antwort wenn ein neuer Kundenvorgang online vorgelegt ist.</description>
    <encodingKey>ISO-8859-1</encodingKey>
    <name>SUPPORT: Web-to-Case E-Mail Antwort (Beispiel)</name>
    <style>none</style>
    <subject>{!Organization.Name} Kundenvorgang # {!Case.CaseNumber}: {!Case.Subject}</subject>
    <type>text</type>
    <uiType>Aloha</uiType>
</EmailTemplate>
