<?xml version="1.0" encoding="UTF-8"?>
<EmailTemplate xmlns="http://soap.sforce.com/2006/04/metadata">
    <available>true</available>
    <description>Interne Benachrichtigung zum Kundenvorgang Inhaber, wenn ein neuer Kundenvorgang zugewiesen wird.</description>
    <encodingKey>ISO-8859-1</encodingKey>
    <name>SUPPORT: Neue Zuordnungsbenachrichtigung (Beispiel)</name>
    <style>none</style>
    <subject>Kundenvorgang # {!Case.CaseNumber}: {!Case.Subject} wurde Ihnen zugewiesen</subject>
    <type>text</type>
    <uiType>Aloha</uiType>
</EmailTemplate>
