<?xml version="1.0" encoding="UTF-8"?>
<EmailTemplate xmlns="http://soap.sforce.com/2006/04/metadata">
    <available>true</available>
    <description>Benachrichtigung für einen neuen Benutzernamen und Kennwort für einen Self-Service Benutzer.</description>
    <encodingKey>ISO-8859-1</encodingKey>
    <name>SUPPORT: Self-Service neuer Benutzer Login Informationen (Beispiel)</name>
    <style>none</style>
    <subject>Ihre neuen {!Organization.Name} Login Daten</subject>
    <type>text</type>
    <uiType>Aloha</uiType>
</EmailTemplate>
