<?xml version="1.0" encoding="UTF-8"?>
<CustomApplication xmlns="http://soap.sforce.com/2006/04/metadata">
    <brand>
        <headerColor>#0070D2</headerColor>
    </brand>
    <description>This app is used for the Duplicate profile.</description>
    <formFactors>Large</formFactors>
    <label>Duplicates</label>
    <navType>Standard</navType>
    <profileActionOverrides>
        <actionName>View</actionName>
        <content>CompanyLightningPageLayout</content>
        <formFactor>Large</formFactor>
        <pageOrSobjectType>Account</pageOrSobjectType>
        <recordType>Account.CompanyInstitution</recordType>
        <type>Flexipage</type>
        <profile>Central Sales</profile>
    </profileActionOverrides>
    <profileActionOverrides>
        <actionName>View</actionName>
        <content>CompanyLightningPageLayout</content>
        <formFactor>Large</formFactor>
        <pageOrSobjectType>Account</pageOrSobjectType>
        <recordType>Account.CompanyInstitution</recordType>
        <type>Flexipage</type>
        <profile>Country Manager</profile>
    </profileActionOverrides>
    <profileActionOverrides>
        <actionName>View</actionName>
        <content>CompanyLightningPageLayout</content>
        <formFactor>Large</formFactor>
        <pageOrSobjectType>Account</pageOrSobjectType>
        <recordType>Account.CompanyInstitution</recordType>
        <type>Flexipage</type>
        <profile>EF Lang Support</profile>
    </profileActionOverrides>
    <profileActionOverrides>
        <actionName>View</actionName>
        <content>CompanyLightningPageLayout</content>
        <formFactor>Large</formFactor>
        <pageOrSobjectType>Account</pageOrSobjectType>
        <recordType>Account.CompanyInstitution</recordType>
        <type>Flexipage</type>
        <profile>Country Product Manager</profile>
    </profileActionOverrides>
    <profileActionOverrides>
        <actionName>View</actionName>
        <content>CompanyLightningPageLayout</content>
        <formFactor>Large</formFactor>
        <pageOrSobjectType>Account</pageOrSobjectType>
        <recordType>Account.CompanyInstitution</recordType>
        <type>Flexipage</type>
        <profile>Integration Profile</profile>
    </profileActionOverrides>
    <profileActionOverrides>
        <actionName>View</actionName>
        <content>CompanyLightningPageLayout</content>
        <formFactor>Large</formFactor>
        <pageOrSobjectType>Account</pageOrSobjectType>
        <recordType>Account.CompanyInstitution</recordType>
        <type>Flexipage</type>
        <profile>Marketing</profile>
    </profileActionOverrides>
    <profileActionOverrides>
        <actionName>View</actionName>
        <content>CompanyLightningPageLayout</content>
        <formFactor>Large</formFactor>
        <pageOrSobjectType>Account</pageOrSobjectType>
        <recordType>Account.CompanyInstitution</recordType>
        <type>Flexipage</type>
        <profile>Merge Record</profile>
    </profileActionOverrides>
    <profileActionOverrides>
        <actionName>View</actionName>
        <content>CompanyLightningPageLayout</content>
        <formFactor>Large</formFactor>
        <pageOrSobjectType>Account</pageOrSobjectType>
        <recordType>Account.CompanyInstitution</recordType>
        <type>Flexipage</type>
        <profile>Merge Record Admin</profile>
    </profileActionOverrides>
    <profileActionOverrides>
        <actionName>View</actionName>
        <content>CompanyLightningPageLayout</content>
        <formFactor>Large</formFactor>
        <pageOrSobjectType>Account</pageOrSobjectType>
        <recordType>Account.CompanyInstitution</recordType>
        <type>Flexipage</type>
        <profile>Regional Office Manager</profile>
    </profileActionOverrides>
    <profileActionOverrides>
        <actionName>View</actionName>
        <content>CompanyLightningPageLayout</content>
        <formFactor>Large</formFactor>
        <pageOrSobjectType>Account</pageOrSobjectType>
        <recordType>Account.CompanyInstitution</recordType>
        <type>Flexipage</type>
        <profile>Sales Associate</profile>
    </profileActionOverrides>
    <profileActionOverrides>
        <actionName>View</actionName>
        <content>CompanyLightningPageLayout</content>
        <formFactor>Large</formFactor>
        <pageOrSobjectType>Account</pageOrSobjectType>
        <recordType>Account.CompanyInstitution</recordType>
        <type>Flexipage</type>
        <profile>Admin</profile>
    </profileActionOverrides>
    <profileActionOverrides>
        <actionName>View</actionName>
        <content>PersonAccountLightningLayout</content>
        <formFactor>Large</formFactor>
        <pageOrSobjectType>Account</pageOrSobjectType>
        <recordType>PersonAccount.PersonAccount</recordType>
        <type>Flexipage</type>
        <profile>Country Manager</profile>
    </profileActionOverrides>
    <profileActionOverrides>
        <actionName>View</actionName>
        <content>PersonAccountLightningLayout</content>
        <formFactor>Large</formFactor>
        <pageOrSobjectType>Account</pageOrSobjectType>
        <recordType>PersonAccount.PersonAccount</recordType>
        <type>Flexipage</type>
        <profile>Central Sales</profile>
    </profileActionOverrides>
    <profileActionOverrides>
        <actionName>View</actionName>
        <content>PersonAccountLightningLayout</content>
        <formFactor>Large</formFactor>
        <pageOrSobjectType>Account</pageOrSobjectType>
        <recordType>PersonAccount.PersonAccount</recordType>
        <type>Flexipage</type>
        <profile>Country Product Manager</profile>
    </profileActionOverrides>
    <profileActionOverrides>
        <actionName>View</actionName>
        <content>PersonAccountLightningLayout</content>
        <formFactor>Large</formFactor>
        <pageOrSobjectType>Account</pageOrSobjectType>
        <recordType>PersonAccount.PersonAccount</recordType>
        <type>Flexipage</type>
        <profile>EF Lang Support</profile>
    </profileActionOverrides>
    <profileActionOverrides>
        <actionName>View</actionName>
        <content>PersonAccountLightningLayout</content>
        <formFactor>Large</formFactor>
        <pageOrSobjectType>Account</pageOrSobjectType>
        <recordType>PersonAccount.PersonAccount</recordType>
        <type>Flexipage</type>
        <profile>Integration Profile</profile>
    </profileActionOverrides>
    <profileActionOverrides>
        <actionName>View</actionName>
        <content>PersonAccountLightningLayout</content>
        <formFactor>Large</formFactor>
        <pageOrSobjectType>Account</pageOrSobjectType>
        <recordType>PersonAccount.PersonAccount</recordType>
        <type>Flexipage</type>
        <profile>Marketing</profile>
    </profileActionOverrides>
    <profileActionOverrides>
        <actionName>View</actionName>
        <content>PersonAccountLightningLayout</content>
        <formFactor>Large</formFactor>
        <pageOrSobjectType>Account</pageOrSobjectType>
        <recordType>PersonAccount.PersonAccount</recordType>
        <type>Flexipage</type>
        <profile>Merge Record Admin</profile>
    </profileActionOverrides>
    <profileActionOverrides>
        <actionName>View</actionName>
        <content>PersonAccountLightningLayout</content>
        <formFactor>Large</formFactor>
        <pageOrSobjectType>Account</pageOrSobjectType>
        <recordType>PersonAccount.PersonAccount</recordType>
        <type>Flexipage</type>
        <profile>Merge Record</profile>
    </profileActionOverrides>
    <profileActionOverrides>
        <actionName>View</actionName>
        <content>PersonAccountLightningLayout</content>
        <formFactor>Large</formFactor>
        <pageOrSobjectType>Account</pageOrSobjectType>
        <recordType>PersonAccount.PersonAccount</recordType>
        <type>Flexipage</type>
        <profile>Regional Office Manager</profile>
    </profileActionOverrides>
    <profileActionOverrides>
        <actionName>View</actionName>
        <content>PersonAccountLightningLayout</content>
        <formFactor>Large</formFactor>
        <pageOrSobjectType>Account</pageOrSobjectType>
        <recordType>PersonAccount.PersonAccount</recordType>
        <type>Flexipage</type>
        <profile>Sales Associate</profile>
    </profileActionOverrides>
    <profileActionOverrides>
        <actionName>View</actionName>
        <content>PersonAccountLightningLayout</content>
        <formFactor>Large</formFactor>
        <pageOrSobjectType>Account</pageOrSobjectType>
        <recordType>PersonAccount.PersonAccount</recordType>
        <type>Flexipage</type>
        <profile>Admin</profile>
    </profileActionOverrides>
    <profileActionOverrides>
        <actionName>View</actionName>
        <content>School_Activity_Lightning_Layout</content>
        <formFactor>Large</formFactor>
        <pageOrSobjectType>Campaign</pageOrSobjectType>
        <recordType>Campaign.SchoolActivity</recordType>
        <type>Flexipage</type>
        <profile>Central Sales</profile>
    </profileActionOverrides>
    <profileActionOverrides>
        <actionName>View</actionName>
        <content>School_Activity_Lightning_Layout</content>
        <formFactor>Large</formFactor>
        <pageOrSobjectType>Campaign</pageOrSobjectType>
        <recordType>Campaign.SchoolActivity</recordType>
        <type>Flexipage</type>
        <profile>Country Manager</profile>
    </profileActionOverrides>
    <profileActionOverrides>
        <actionName>View</actionName>
        <content>School_Activity_Lightning_Layout</content>
        <formFactor>Large</formFactor>
        <pageOrSobjectType>Campaign</pageOrSobjectType>
        <recordType>Campaign.SchoolActivity</recordType>
        <type>Flexipage</type>
        <profile>Country Product Manager</profile>
    </profileActionOverrides>
    <profileActionOverrides>
        <actionName>View</actionName>
        <content>School_Activity_Lightning_Layout</content>
        <formFactor>Large</formFactor>
        <pageOrSobjectType>Campaign</pageOrSobjectType>
        <recordType>Campaign.SchoolActivity</recordType>
        <type>Flexipage</type>
        <profile>EF Lang Support</profile>
    </profileActionOverrides>
    <profileActionOverrides>
        <actionName>View</actionName>
        <content>School_Activity_Lightning_Layout</content>
        <formFactor>Large</formFactor>
        <pageOrSobjectType>Campaign</pageOrSobjectType>
        <recordType>Campaign.SchoolActivity</recordType>
        <type>Flexipage</type>
        <profile>Integration Profile</profile>
    </profileActionOverrides>
    <profileActionOverrides>
        <actionName>View</actionName>
        <content>School_Activity_Lightning_Layout</content>
        <formFactor>Large</formFactor>
        <pageOrSobjectType>Campaign</pageOrSobjectType>
        <recordType>Campaign.SchoolActivity</recordType>
        <type>Flexipage</type>
        <profile>Marketing</profile>
    </profileActionOverrides>
    <profileActionOverrides>
        <actionName>View</actionName>
        <content>School_Activity_Lightning_Layout</content>
        <formFactor>Large</formFactor>
        <pageOrSobjectType>Campaign</pageOrSobjectType>
        <recordType>Campaign.SchoolActivity</recordType>
        <type>Flexipage</type>
        <profile>Regional Office Manager</profile>
    </profileActionOverrides>
    <profileActionOverrides>
        <actionName>View</actionName>
        <content>School_Activity_Lightning_Layout</content>
        <formFactor>Large</formFactor>
        <pageOrSobjectType>Campaign</pageOrSobjectType>
        <recordType>Campaign.SchoolActivity</recordType>
        <type>Flexipage</type>
        <profile>Sales Associate</profile>
    </profileActionOverrides>
    <profileActionOverrides>
        <actionName>View</actionName>
        <content>School_Activity_Lightning_Layout</content>
        <formFactor>Large</formFactor>
        <pageOrSobjectType>Campaign</pageOrSobjectType>
        <recordType>Campaign.SchoolActivity</recordType>
        <type>Flexipage</type>
        <profile>Sales Associate Restricted</profile>
    </profileActionOverrides>
    <profileActionOverrides>
        <actionName>View</actionName>
        <content>School_Activity_Lightning_Layout</content>
        <formFactor>Large</formFactor>
        <pageOrSobjectType>Campaign</pageOrSobjectType>
        <recordType>Campaign.SchoolActivity</recordType>
        <type>Flexipage</type>
        <profile>Admin</profile>
    </profileActionOverrides>
    <profileActionOverrides>
        <actionName>View</actionName>
        <content>Campaign_Lightning_Page_Layout</content>
        <formFactor>Large</formFactor>
        <pageOrSobjectType>Campaign</pageOrSobjectType>
        <recordType>Campaign.InfoMeeting</recordType>
        <type>Flexipage</type>
        <profile>Central Sales</profile>
    </profileActionOverrides>
    <profileActionOverrides>
        <actionName>View</actionName>
        <content>Campaign_Lightning_Page_Layout</content>
        <formFactor>Large</formFactor>
        <pageOrSobjectType>Campaign</pageOrSobjectType>
        <recordType>Campaign.InfoMeeting</recordType>
        <type>Flexipage</type>
        <profile>Country Manager</profile>
    </profileActionOverrides>
    <profileActionOverrides>
        <actionName>View</actionName>
        <content>Campaign_Lightning_Page_Layout</content>
        <formFactor>Large</formFactor>
        <pageOrSobjectType>Campaign</pageOrSobjectType>
        <recordType>Campaign.InfoMeeting</recordType>
        <type>Flexipage</type>
        <profile>Country Product Manager</profile>
    </profileActionOverrides>
    <profileActionOverrides>
        <actionName>View</actionName>
        <content>Campaign_Lightning_Page_Layout</content>
        <formFactor>Large</formFactor>
        <pageOrSobjectType>Campaign</pageOrSobjectType>
        <recordType>Campaign.InfoMeeting</recordType>
        <type>Flexipage</type>
        <profile>EF Lang Support</profile>
    </profileActionOverrides>
    <profileActionOverrides>
        <actionName>View</actionName>
        <content>Campaign_Lightning_Page_Layout</content>
        <formFactor>Large</formFactor>
        <pageOrSobjectType>Campaign</pageOrSobjectType>
        <recordType>Campaign.InfoMeeting</recordType>
        <type>Flexipage</type>
        <profile>Integration Profile</profile>
    </profileActionOverrides>
    <profileActionOverrides>
        <actionName>View</actionName>
        <content>Campaign_Lightning_Page_Layout</content>
        <formFactor>Large</formFactor>
        <pageOrSobjectType>Campaign</pageOrSobjectType>
        <recordType>Campaign.InfoMeeting</recordType>
        <type>Flexipage</type>
        <profile>Marketing</profile>
    </profileActionOverrides>
    <profileActionOverrides>
        <actionName>View</actionName>
        <content>Campaign_Lightning_Page_Layout</content>
        <formFactor>Large</formFactor>
        <pageOrSobjectType>Campaign</pageOrSobjectType>
        <recordType>Campaign.InfoMeeting</recordType>
        <type>Flexipage</type>
        <profile>Regional Office Manager</profile>
    </profileActionOverrides>
    <profileActionOverrides>
        <actionName>View</actionName>
        <content>Campaign_Lightning_Page_Layout</content>
        <formFactor>Large</formFactor>
        <pageOrSobjectType>Campaign</pageOrSobjectType>
        <recordType>Campaign.InfoMeeting</recordType>
        <type>Flexipage</type>
        <profile>Sales Associate</profile>
    </profileActionOverrides>
    <profileActionOverrides>
        <actionName>View</actionName>
        <content>Campaign_Lightning_Page_Layout</content>
        <formFactor>Large</formFactor>
        <pageOrSobjectType>Campaign</pageOrSobjectType>
        <recordType>Campaign.InfoMeeting</recordType>
        <type>Flexipage</type>
        <profile>Sales Associate Restricted</profile>
    </profileActionOverrides>
    <profileActionOverrides>
        <actionName>View</actionName>
        <content>Campaign_Lightning_Page_Layout</content>
        <formFactor>Large</formFactor>
        <pageOrSobjectType>Campaign</pageOrSobjectType>
        <recordType>Campaign.InfoMeeting</recordType>
        <type>Flexipage</type>
        <profile>Admin</profile>
    </profileActionOverrides>
    --&gt;
    <tabs>dcBatch</tabs>
    <uiType>Lightning</uiType>
</CustomApplication>
