<?xml version="1.0" encoding="UTF-8"?>
<CustomApplication xmlns="http://soap.sforce.com/2006/04/metadata">
    <actionOverrides>
        <actionName>View</actionName>
        <comment>Action override created by Lightning App Builder during activation.</comment>
        <content>School_Lightning_Page</content>
        <formFactor>Large</formFactor>
        <skipRecordTypeSelect>false</skipRecordTypeSelect>
        <type>Flexipage</type>
        <pageOrSobjectType>Account</pageOrSobjectType>
    </actionOverrides>
    <brand>
        <headerColor>#0070D2</headerColor>
        <shouldOverrideOrgTheme>false</shouldOverrideOrgTheme>
    </brand>
    <description>App for external school users</description>
    <formFactors>Large</formFactors>
    <label>Schools</label>
    <navType>Standard</navType>
    <tabs>standard-Account</tabs>
    <tabs>standard-Task</tabs>
    <tabs>standard-Event</tabs>
    <uiType>Lightning</uiType>
    <!--<utilityBar>Schools_UtilityBar</utilityBar>--></CustomApplication>
