<?xml version="1.0" encoding="UTF-8"?>
<CustomApplication xmlns="http://soap.sforce.com/2006/04/metadata">
    <defaultLandingTab>standard-home</defaultLandingTab>
    <formFactors>Large</formFactors>
    <tabs>standard-Contact</tabs>
    <tabs>standard-Account</tabs>
    <tabs>standard-Lead</tabs>
    <tabs>standard-Opportunity</tabs>
    <tabs>standard-Forecasting3</tabs>
    <tabs>standard-report</tabs>
    <tabs>standard-Dashboard</tabs>
    <tabs>standard-Chatter</tabs>
    <tabs>standard-File</tabs>
    <tabs>standard-Product2</tabs>
    <tabs>Booking__c</tabs>
</CustomApplication>
