<?xml version="1.0" encoding="UTF-8"?>
<CustomApplication xmlns="http://soap.sforce.com/2006/04/metadata">
    <actionOverrides>
        <actionName>View</actionName>
        <comment>Action override created by Lightning App Builder during activation.</comment>
        <content>PersonAccountLightningLayout</content>
        <formFactor>Large</formFactor>
        <skipRecordTypeSelect>false</skipRecordTypeSelect>
        <type>Flexipage</type>
        <pageOrSobjectType>Account</pageOrSobjectType>
    </actionOverrides>
    <actionOverrides>
        <actionName>View</actionName>
        <comment>Action override created by Lightning App Builder during activation.</comment>
        <content>Lead_Lightning_Page_Layout</content>
        <formFactor>Large</formFactor>
        <skipRecordTypeSelect>false</skipRecordTypeSelect>
        <type>Flexipage</type>
        <pageOrSobjectType>Lead</pageOrSobjectType>
    </actionOverrides>
    <actionOverrides>
        <actionName>View</actionName>
        <comment>Action override created by Lightning App Builder during activation.</comment>
        <content>Opportunity_Lightning_Page_Layout</content>
        <formFactor>Large</formFactor>
        <skipRecordTypeSelect>false</skipRecordTypeSelect>
        <type>Flexipage</type>
        <pageOrSobjectType>Opportunity</pageOrSobjectType>
    </actionOverrides>
    <description>Manage your sales process with accounts, leads, opportunities, and more.</description>
    <formFactors>Small</formFactors>
    <formFactors>Medium</formFactors>
    <formFactors>Large</formFactors>
    <label>Sales</label>
    <navType>Standard</navType>
    <profileActionOverrides>
        <actionName>View</actionName>
        <content>CompanyLightningPageLayout</content>
        <formFactor>Large</formFactor>
        <pageOrSobjectType>Account</pageOrSobjectType>
        <recordType>Account.CompanyInstitution</recordType>
        <type>Flexipage</type>
        <profile>Central Sales</profile>
    </profileActionOverrides>
    <profileActionOverrides>
        <actionName>View</actionName>
        <content>CompanyLightningPageLayout</content>
        <formFactor>Large</formFactor>
        <pageOrSobjectType>Account</pageOrSobjectType>
        <recordType>Account.CompanyInstitution</recordType>
        <type>Flexipage</type>
        <profile>Country Manager</profile>
    </profileActionOverrides>
    <profileActionOverrides>
        <actionName>View</actionName>
        <content>CompanyLightningPageLayout</content>
        <formFactor>Large</formFactor>
        <pageOrSobjectType>Account</pageOrSobjectType>
        <recordType>Account.CompanyInstitution</recordType>
        <type>Flexipage</type>
        <profile>Country Product Manager</profile>
    </profileActionOverrides>
    <profileActionOverrides>
        <actionName>View</actionName>
        <content>CompanyLightningPageLayout</content>
        <formFactor>Large</formFactor>
        <pageOrSobjectType>Account</pageOrSobjectType>
        <recordType>Account.CompanyInstitution</recordType>
        <type>Flexipage</type>
        <profile>EF Lang Support</profile>
    </profileActionOverrides>
    <profileActionOverrides>
        <actionName>View</actionName>
        <content>CompanyLightningPageLayout</content>
        <formFactor>Large</formFactor>
        <pageOrSobjectType>Account</pageOrSobjectType>
        <recordType>Account.CompanyInstitution</recordType>
        <type>Flexipage</type>
        <profile>Integration Profile</profile>
    </profileActionOverrides>
    <profileActionOverrides>
        <actionName>View</actionName>
        <content>CompanyLightningPageLayout</content>
        <formFactor>Large</formFactor>
        <pageOrSobjectType>Account</pageOrSobjectType>
        <recordType>Account.CompanyInstitution</recordType>
        <type>Flexipage</type>
        <profile>Marketing</profile>
    </profileActionOverrides>
    <profileActionOverrides>
        <actionName>View</actionName>
        <content>School_Lightning_Page</content>
        <formFactor>Large</formFactor>
        <pageOrSobjectType>Account</pageOrSobjectType>
        <recordType>Account.School</recordType>
        <type>Flexipage</type>
        <profile>Marketing</profile>
    </profileActionOverrides>
    <profileActionOverrides>
        <actionName>View</actionName>
        <content>CompanyLightningPageLayout</content>
        <formFactor>Large</formFactor>
        <pageOrSobjectType>Account</pageOrSobjectType>
        <recordType>Account.CompanyInstitution</recordType>
        <type>Flexipage</type>
        <profile>Merge Record</profile>
    </profileActionOverrides>
    <profileActionOverrides>
        <actionName>View</actionName>
        <content>CompanyLightningPageLayout</content>
        <formFactor>Large</formFactor>
        <pageOrSobjectType>Account</pageOrSobjectType>
        <recordType>Account.CompanyInstitution</recordType>
        <type>Flexipage</type>
        <profile>Merge Record Admin</profile>
    </profileActionOverrides>
    <profileActionOverrides>
        <actionName>View</actionName>
        <content>CompanyLightningPageLayout</content>
        <formFactor>Large</formFactor>
        <pageOrSobjectType>Account</pageOrSobjectType>
        <recordType>Account.CompanyInstitution</recordType>
        <type>Flexipage</type>
        <profile>Regional Office Manager</profile>
    </profileActionOverrides>
    <profileActionOverrides>
        <actionName>View</actionName>
        <content>CompanyLightningPageLayout</content>
        <formFactor>Large</formFactor>
        <pageOrSobjectType>Account</pageOrSobjectType>
        <recordType>Account.CompanyInstitution</recordType>
        <type>Flexipage</type>
        <profile>Sales Associate</profile>
    </profileActionOverrides>
    <profileActionOverrides>
        <actionName>View</actionName>
        <content>CompanyLightningPageLayout</content>
        <formFactor>Large</formFactor>
        <pageOrSobjectType>Account</pageOrSobjectType>
        <recordType>Account.CompanyInstitution</recordType>
        <type>Flexipage</type>
        <profile>Admin</profile>
    </profileActionOverrides>
    <profileActionOverrides>
        <actionName>View</actionName>
        <content>School_Lightning_Page</content>
        <formFactor>Large</formFactor>
        <pageOrSobjectType>Account</pageOrSobjectType>
        <recordType>Account.School</recordType>
        <type>Flexipage</type>
        <profile>Admin</profile>
    </profileActionOverrides>
    <profileActionOverrides>
        <actionName>View</actionName>
        <content>PersonAccountLightningLayout</content>
        <formFactor>Large</formFactor>
        <pageOrSobjectType>Account</pageOrSobjectType>
        <recordType>PersonAccount.PersonAccount</recordType>
        <type>Flexipage</type>
        <profile>Country Manager</profile>
    </profileActionOverrides>
    <profileActionOverrides>
        <actionName>View</actionName>
        <content>PersonAccountLightningLayout</content>
        <formFactor>Large</formFactor>
        <pageOrSobjectType>Account</pageOrSobjectType>
        <recordType>PersonAccount.PersonAccount</recordType>
        <type>Flexipage</type>
        <profile>Central Sales</profile>
    </profileActionOverrides>
    <profileActionOverrides>
        <actionName>View</actionName>
        <content>PersonAccountLightningLayout</content>
        <formFactor>Large</formFactor>
        <pageOrSobjectType>Account</pageOrSobjectType>
        <recordType>PersonAccount.PersonAccount</recordType>
        <type>Flexipage</type>
        <profile>Country Product Manager</profile>
    </profileActionOverrides>
    <profileActionOverrides>
        <actionName>View</actionName>
        <content>School_Lightning_Page</content>
        <formFactor>Large</formFactor>
        <pageOrSobjectType>Account</pageOrSobjectType>
        <recordType>Account.School</recordType>
        <type>Flexipage</type>
        <profile>Central Sales</profile>
    </profileActionOverrides>
    <profileActionOverrides>
        <actionName>View</actionName>
        <content>School_Lightning_Page</content>
        <formFactor>Large</formFactor>
        <pageOrSobjectType>Account</pageOrSobjectType>
        <recordType>Account.School</recordType>
        <type>Flexipage</type>
        <profile>Country Manager</profile>
    </profileActionOverrides>
    <profileActionOverrides>
        <actionName>View</actionName>
        <content>School_Lightning_Page</content>
        <formFactor>Large</formFactor>
        <pageOrSobjectType>Account</pageOrSobjectType>
        <recordType>Account.School</recordType>
        <type>Flexipage</type>
        <profile>Country Product Manager</profile>
    </profileActionOverrides>
    <profileActionOverrides>
        <actionName>View</actionName>
        <content>PersonAccountLightningLayout</content>
        <formFactor>Large</formFactor>
        <pageOrSobjectType>Account</pageOrSobjectType>
        <recordType>PersonAccount.PersonAccount</recordType>
        <type>Flexipage</type>
        <profile>EF Lang Support</profile>
    </profileActionOverrides>
    <profileActionOverrides>
        <actionName>View</actionName>
        <content>School_Lightning_Page</content>
        <formFactor>Large</formFactor>
        <pageOrSobjectType>Account</pageOrSobjectType>
        <recordType>Account.School</recordType>
        <type>Flexipage</type>
        <profile>EF Lang Support</profile>
    </profileActionOverrides>
    <profileActionOverrides>
        <actionName>View</actionName>
        <content>PersonAccountLightningLayout</content>
        <formFactor>Large</formFactor>
        <pageOrSobjectType>Account</pageOrSobjectType>
        <recordType>PersonAccount.PersonAccount</recordType>
        <type>Flexipage</type>
        <profile>Integration Profile</profile>
    </profileActionOverrides>
    <profileActionOverrides>
        <actionName>View</actionName>
        <content>School_Lightning_Page</content>
        <formFactor>Large</formFactor>
        <pageOrSobjectType>Account</pageOrSobjectType>
        <recordType>Account.School</recordType>
        <type>Flexipage</type>
        <profile>Integration Profile</profile>
    </profileActionOverrides>
    <profileActionOverrides>
        <actionName>View</actionName>
        <content>PersonAccountLightningLayout</content>
        <formFactor>Large</formFactor>
        <pageOrSobjectType>Account</pageOrSobjectType>
        <recordType>PersonAccount.PersonAccount</recordType>
        <type>Flexipage</type>
        <profile>Marketing</profile>
    </profileActionOverrides>
    <profileActionOverrides>
        <actionName>View</actionName>
        <content>PersonAccountLightningLayout</content>
        <formFactor>Large</formFactor>
        <pageOrSobjectType>Account</pageOrSobjectType>
        <recordType>PersonAccount.PersonAccount</recordType>
        <type>Flexipage</type>
        <profile>Merge Record</profile>
    </profileActionOverrides>
    <profileActionOverrides>
        <actionName>View</actionName>
        <content>School_Lightning_Page</content>
        <formFactor>Large</formFactor>
        <pageOrSobjectType>Account</pageOrSobjectType>
        <recordType>Account.School</recordType>
        <type>Flexipage</type>
        <profile>Merge Record</profile>
    </profileActionOverrides>
    <profileActionOverrides>
        <actionName>View</actionName>
        <content>PersonAccountLightningLayout</content>
        <formFactor>Large</formFactor>
        <pageOrSobjectType>Account</pageOrSobjectType>
        <recordType>PersonAccount.PersonAccount</recordType>
        <type>Flexipage</type>
        <profile>Merge Record Admin</profile>
    </profileActionOverrides>
    <profileActionOverrides>
        <actionName>View</actionName>
        <content>School_Lightning_Page</content>
        <formFactor>Large</formFactor>
        <pageOrSobjectType>Account</pageOrSobjectType>
        <recordType>Account.School</recordType>
        <type>Flexipage</type>
        <profile>Merge Record Admin</profile>
    </profileActionOverrides>
    <profileActionOverrides>
        <actionName>View</actionName>
        <content>PersonAccountLightningLayout</content>
        <formFactor>Large</formFactor>
        <pageOrSobjectType>Account</pageOrSobjectType>
        <recordType>PersonAccount.PersonAccount</recordType>
        <type>Flexipage</type>
        <profile>Regional Office Manager</profile>
    </profileActionOverrides>
    <profileActionOverrides>
        <actionName>View</actionName>
        <content>School_Lightning_Page</content>
        <formFactor>Large</formFactor>
        <pageOrSobjectType>Account</pageOrSobjectType>
        <recordType>Account.School</recordType>
        <type>Flexipage</type>
        <profile>Regional Office Manager</profile>
    </profileActionOverrides>
    <profileActionOverrides>
        <actionName>View</actionName>
        <content>PersonAccountLightningLayout</content>
        <formFactor>Large</formFactor>
        <pageOrSobjectType>Account</pageOrSobjectType>
        <recordType>PersonAccount.PersonAccount</recordType>
        <type>Flexipage</type>
        <profile>Sales Associate</profile>
    </profileActionOverrides>
    <profileActionOverrides>
        <actionName>View</actionName>
        <content>PersonAccountLightningLayout</content>
        <formFactor>Large</formFactor>
        <pageOrSobjectType>Account</pageOrSobjectType>
        <recordType>PersonAccount.PersonAccount</recordType>
        <type>Flexipage</type>
        <profile>Admin</profile>
    </profileActionOverrides>
    <profileActionOverrides>
        <actionName>View</actionName>
        <content>School_Lightning_Page</content>
        <formFactor>Large</formFactor>
        <pageOrSobjectType>Account</pageOrSobjectType>
        <recordType>Account.School</recordType>
        <type>Flexipage</type>
        <profile>Sales Associate</profile>
    </profileActionOverrides>
    <profileActionOverrides>
        <actionName>View</actionName>
        <content>School_Activity_Lightning_Layout</content>
        <formFactor>Large</formFactor>
        <pageOrSobjectType>Campaign</pageOrSobjectType>
        <recordType>Campaign.SchoolActivity</recordType>
        <type>Flexipage</type>
        <profile>Central Sales</profile>
    </profileActionOverrides>
    <profileActionOverrides>
        <actionName>View</actionName>
        <content>School_Activity_Lightning_Layout</content>
        <formFactor>Large</formFactor>
        <pageOrSobjectType>Campaign</pageOrSobjectType>
        <recordType>Campaign.SchoolActivity</recordType>
        <type>Flexipage</type>
        <profile>Country Manager</profile>
    </profileActionOverrides>
    <profileActionOverrides>
        <actionName>View</actionName>
        <content>School_Activity_Lightning_Layout</content>
        <formFactor>Large</formFactor>
        <pageOrSobjectType>Campaign</pageOrSobjectType>
        <recordType>Campaign.SchoolActivity</recordType>
        <type>Flexipage</type>
        <profile>Country Product Manager</profile>
    </profileActionOverrides>
    <profileActionOverrides>
        <actionName>View</actionName>
        <content>School_Activity_Lightning_Layout</content>
        <formFactor>Large</formFactor>
        <pageOrSobjectType>Campaign</pageOrSobjectType>
        <recordType>Campaign.SchoolActivity</recordType>
        <type>Flexipage</type>
        <profile>EF Lang Support</profile>
    </profileActionOverrides>
    <profileActionOverrides>
        <actionName>View</actionName>
        <content>School_Activity_Lightning_Layout</content>
        <formFactor>Large</formFactor>
        <pageOrSobjectType>Campaign</pageOrSobjectType>
        <recordType>Campaign.SchoolActivity</recordType>
        <type>Flexipage</type>
        <profile>Integration Profile</profile>
    </profileActionOverrides>
    <profileActionOverrides>
        <actionName>View</actionName>
        <content>School_Activity_Lightning_Layout</content>
        <formFactor>Large</formFactor>
        <pageOrSobjectType>Campaign</pageOrSobjectType>
        <recordType>Campaign.SchoolActivity</recordType>
        <type>Flexipage</type>
        <profile>Marketing</profile>
    </profileActionOverrides>
    <profileActionOverrides>
        <actionName>View</actionName>
        <content>School_Activity_Lightning_Layout</content>
        <formFactor>Large</formFactor>
        <pageOrSobjectType>Campaign</pageOrSobjectType>
        <recordType>Campaign.SchoolActivity</recordType>
        <type>Flexipage</type>
        <profile>Regional Office Manager</profile>
    </profileActionOverrides>
    <profileActionOverrides>
        <actionName>View</actionName>
        <content>School_Activity_Lightning_Layout</content>
        <formFactor>Large</formFactor>
        <pageOrSobjectType>Campaign</pageOrSobjectType>
        <recordType>Campaign.SchoolActivity</recordType>
        <type>Flexipage</type>
        <profile>Sales Associate</profile>
    </profileActionOverrides>
    <profileActionOverrides>
        <actionName>View</actionName>
        <content>School_Activity_Lightning_Layout</content>
        <formFactor>Large</formFactor>
        <pageOrSobjectType>Campaign</pageOrSobjectType>
        <recordType>Campaign.SchoolActivity</recordType>
        <type>Flexipage</type>
        <profile>Sales Associate Restricted</profile>
    </profileActionOverrides>
    <profileActionOverrides>
        <actionName>View</actionName>
        <content>School_Activity_Lightning_Layout</content>
        <formFactor>Large</formFactor>
        <pageOrSobjectType>Campaign</pageOrSobjectType>
        <recordType>Campaign.SchoolActivity</recordType>
        <type>Flexipage</type>
        <profile>Admin</profile>
    </profileActionOverrides>
    <profileActionOverrides>
        <actionName>View</actionName>
        <content>Campaign_Lightning_Page_Layout</content>
        <formFactor>Large</formFactor>
        <pageOrSobjectType>Campaign</pageOrSobjectType>
        <recordType>Campaign.InfoMeeting</recordType>
        <type>Flexipage</type>
        <profile>Central Sales</profile>
    </profileActionOverrides>
    <profileActionOverrides>
        <actionName>View</actionName>
        <content>Campaign_Lightning_Page_Layout</content>
        <formFactor>Large</formFactor>
        <pageOrSobjectType>Campaign</pageOrSobjectType>
        <recordType>Campaign.InfoMeeting</recordType>
        <type>Flexipage</type>
        <profile>Country Manager</profile>
    </profileActionOverrides>
    <profileActionOverrides>
        <actionName>View</actionName>
        <content>Campaign_Lightning_Page_Layout</content>
        <formFactor>Large</formFactor>
        <pageOrSobjectType>Campaign</pageOrSobjectType>
        <recordType>Campaign.InfoMeeting</recordType>
        <type>Flexipage</type>
        <profile>Country Product Manager</profile>
    </profileActionOverrides>
    <profileActionOverrides>
        <actionName>View</actionName>
        <content>Campaign_Lightning_Page_Layout</content>
        <formFactor>Large</formFactor>
        <pageOrSobjectType>Campaign</pageOrSobjectType>
        <recordType>Campaign.InfoMeeting</recordType>
        <type>Flexipage</type>
        <profile>EF Lang Support</profile>
    </profileActionOverrides>
    <profileActionOverrides>
        <actionName>View</actionName>
        <content>Campaign_Lightning_Page_Layout</content>
        <formFactor>Large</formFactor>
        <pageOrSobjectType>Campaign</pageOrSobjectType>
        <recordType>Campaign.InfoMeeting</recordType>
        <type>Flexipage</type>
        <profile>Integration Profile</profile>
    </profileActionOverrides>
    <profileActionOverrides>
        <actionName>View</actionName>
        <content>Campaign_Lightning_Page_Layout</content>
        <formFactor>Large</formFactor>
        <pageOrSobjectType>Campaign</pageOrSobjectType>
        <recordType>Campaign.InfoMeeting</recordType>
        <type>Flexipage</type>
        <profile>Marketing</profile>
    </profileActionOverrides>
    <profileActionOverrides>
        <actionName>View</actionName>
        <content>Campaign_Lightning_Page_Layout</content>
        <formFactor>Large</formFactor>
        <pageOrSobjectType>Campaign</pageOrSobjectType>
        <recordType>Campaign.InfoMeeting</recordType>
        <type>Flexipage</type>
        <profile>Regional Office Manager</profile>
    </profileActionOverrides>
    <profileActionOverrides>
        <actionName>View</actionName>
        <content>Campaign_Lightning_Page_Layout</content>
        <formFactor>Large</formFactor>
        <pageOrSobjectType>Campaign</pageOrSobjectType>
        <recordType>Campaign.InfoMeeting</recordType>
        <type>Flexipage</type>
        <profile>Sales Associate</profile>
    </profileActionOverrides>
    <profileActionOverrides>
        <actionName>View</actionName>
        <content>Campaign_Lightning_Page_Layout</content>
        <formFactor>Large</formFactor>
        <pageOrSobjectType>Campaign</pageOrSobjectType>
        <recordType>Campaign.InfoMeeting</recordType>
        <type>Flexipage</type>
        <profile>Sales Associate Restricted</profile>
    </profileActionOverrides>
    <profileActionOverrides>
        <actionName>View</actionName>
        <content>Campaign_Lightning_Page_Layout</content>
        <formFactor>Large</formFactor>
        <pageOrSobjectType>Campaign</pageOrSobjectType>
        <recordType>Campaign.InfoMeeting</recordType>
        <type>Flexipage</type>
        <profile>Admin</profile>
    </profileActionOverrides>
    --&gt;
    <tabs>standard-home</tabs>
    <tabs>AG_Action_Screen</tabs>
    <tabs>AG_Assign</tabs>
    <tabs>AG_Send_Materials</tabs>
    <tabs>standard-Account</tabs>
    <tabs>standard-Campaign</tabs>
    <tabs>ImportfromExcel</tabs>
    <tabs>dcBatch</tabs>
    <tabs>standard-Dashboard</tabs>
    <tabs>APXTConga4__Conga_Template__c</tabs>
    <tabs>TemplateSetting__c</tabs>
    <tabs>standard-Event</tabs>
    <tabs>Source__c</tabs>
    <tabs>standard-Lead</tabs>
    <tabs>standard-Opportunity</tabs>
    <tabs>LanguageReport</tabs>
    <uiType>Lightning</uiType>
</CustomApplication>
