<?xml version="1.0" encoding="UTF-8"?>
<CustomApplication xmlns="http://soap.sforce.com/2006/04/metadata">
    <description>(Lightning Experience) Lets support agents work with multiple records across customer service channels on one screen.</description>
    <formFactors>Large</formFactors>
    <label>Service Console</label>
    <navType>Console</navType>
    <profileActionOverrides>
        <actionName>View</actionName>
        <content>CompanyLightningPageLayout</content>
        <formFactor>Large</formFactor>
        <pageOrSobjectType>Account</pageOrSobjectType>
        <recordType>Account.CompanyInstitution</recordType>
        <type>Flexipage</type>
        <profile>Central Sales</profile>
    </profileActionOverrides>
    <profileActionOverrides>
        <actionName>View</actionName>
        <content>CompanyLightningPageLayout</content>
        <formFactor>Large</formFactor>
        <pageOrSobjectType>Account</pageOrSobjectType>
        <recordType>Account.CompanyInstitution</recordType>
        <type>Flexipage</type>
        <profile>Country Manager</profile>
    </profileActionOverrides>
    <profileActionOverrides>
        <actionName>View</actionName>
        <content>CompanyLightningPageLayout</content>
        <formFactor>Large</formFactor>
        <pageOrSobjectType>Account</pageOrSobjectType>
        <recordType>Account.CompanyInstitution</recordType>
        <type>Flexipage</type>
        <profile>Country Product Manager</profile>
    </profileActionOverrides>
    <profileActionOverrides>
        <actionName>View</actionName>
        <content>CompanyLightningPageLayout</content>
        <formFactor>Large</formFactor>
        <pageOrSobjectType>Account</pageOrSobjectType>
        <recordType>Account.CompanyInstitution</recordType>
        <type>Flexipage</type>
        <profile>EF Lang Support</profile>
    </profileActionOverrides>
    <profileActionOverrides>
        <actionName>View</actionName>
        <content>CompanyLightningPageLayout</content>
        <formFactor>Large</formFactor>
        <pageOrSobjectType>Account</pageOrSobjectType>
        <recordType>Account.CompanyInstitution</recordType>
        <type>Flexipage</type>
        <profile>Integration Profile</profile>
    </profileActionOverrides>
    <profileActionOverrides>
        <actionName>View</actionName>
        <content>CompanyLightningPageLayout</content>
        <formFactor>Large</formFactor>
        <pageOrSobjectType>Account</pageOrSobjectType>
        <recordType>Account.CompanyInstitution</recordType>
        <type>Flexipage</type>
        <profile>Marketing</profile>
    </profileActionOverrides>
    <profileActionOverrides>
        <actionName>View</actionName>
        <content>CompanyLightningPageLayout</content>
        <formFactor>Large</formFactor>
        <pageOrSobjectType>Account</pageOrSobjectType>
        <recordType>Account.CompanyInstitution</recordType>
        <type>Flexipage</type>
        <profile>Merge Record</profile>
    </profileActionOverrides>
    <profileActionOverrides>
        <actionName>View</actionName>
        <content>CompanyLightningPageLayout</content>
        <formFactor>Large</formFactor>
        <pageOrSobjectType>Account</pageOrSobjectType>
        <recordType>Account.CompanyInstitution</recordType>
        <type>Flexipage</type>
        <profile>Merge Record Admin</profile>
    </profileActionOverrides>
    <profileActionOverrides>
        <actionName>View</actionName>
        <content>CompanyLightningPageLayout</content>
        <formFactor>Large</formFactor>
        <pageOrSobjectType>Account</pageOrSobjectType>
        <recordType>Account.CompanyInstitution</recordType>
        <type>Flexipage</type>
        <profile>Regional Office Manager</profile>
    </profileActionOverrides>
    <profileActionOverrides>
        <actionName>View</actionName>
        <content>CompanyLightningPageLayout</content>
        <formFactor>Large</formFactor>
        <pageOrSobjectType>Account</pageOrSobjectType>
        <recordType>Account.CompanyInstitution</recordType>
        <type>Flexipage</type>
        <profile>Sales Associate</profile>
    </profileActionOverrides>
    <profileActionOverrides>
        <actionName>View</actionName>
        <content>CompanyLightningPageLayout</content>
        <formFactor>Large</formFactor>
        <pageOrSobjectType>Account</pageOrSobjectType>
        <recordType>Account.CompanyInstitution</recordType>
        <type>Flexipage</type>
        <profile>Admin</profile>
    </profileActionOverrides>
    <profileActionOverrides>
        <actionName>View</actionName>
        <content>School_Lightning_Page</content>
        <formFactor>Large</formFactor>
        <pageOrSobjectType>Account</pageOrSobjectType>
        <recordType>Account.School</recordType>
        <type>Flexipage</type>
        <profile>Admin</profile>
    </profileActionOverrides>
    <profileActionOverrides>
        <actionName>View</actionName>
        <content>PersonAccountLightningLayout</content>
        <formFactor>Large</formFactor>
        <pageOrSobjectType>Account</pageOrSobjectType>
        <recordType>PersonAccount.PersonAccount</recordType>
        <type>Flexipage</type>
        <profile>Country Manager</profile>
    </profileActionOverrides>
    <profileActionOverrides>
        <actionName>View</actionName>
        <content>PersonAccountLightningLayout</content>
        <formFactor>Large</formFactor>
        <pageOrSobjectType>Account</pageOrSobjectType>
        <recordType>PersonAccount.PersonAccount</recordType>
        <type>Flexipage</type>
        <profile>Central Sales</profile>
    </profileActionOverrides>
    <profileActionOverrides>
        <actionName>View</actionName>
        <content>PersonAccountLightningLayout</content>
        <formFactor>Large</formFactor>
        <pageOrSobjectType>Account</pageOrSobjectType>
        <recordType>PersonAccount.PersonAccount</recordType>
        <type>Flexipage</type>
        <profile>Country Product Manager</profile>
    </profileActionOverrides>
    <profileActionOverrides>
        <actionName>View</actionName>
        <content>School_Lightning_Page</content>
        <formFactor>Large</formFactor>
        <pageOrSobjectType>Account</pageOrSobjectType>
        <recordType>Account.School</recordType>
        <type>Flexipage</type>
        <profile>Central Sales</profile>
    </profileActionOverrides>
    <profileActionOverrides>
        <actionName>View</actionName>
        <content>School_Lightning_Page</content>
        <formFactor>Large</formFactor>
        <pageOrSobjectType>Account</pageOrSobjectType>
        <recordType>Account.School</recordType>
        <type>Flexipage</type>
        <profile>Country Manager</profile>
    </profileActionOverrides>
    <profileActionOverrides>
        <actionName>View</actionName>
        <content>School_Lightning_Page</content>
        <formFactor>Large</formFactor>
        <pageOrSobjectType>Account</pageOrSobjectType>
        <recordType>Account.School</recordType>
        <type>Flexipage</type>
        <profile>Country Product Manager</profile>
    </profileActionOverrides>
    <profileActionOverrides>
        <actionName>View</actionName>
        <content>PersonAccountLightningLayout</content>
        <formFactor>Large</formFactor>
        <pageOrSobjectType>Account</pageOrSobjectType>
        <recordType>PersonAccount.PersonAccount</recordType>
        <type>Flexipage</type>
        <profile>EF Lang Support</profile>
    </profileActionOverrides>
    <profileActionOverrides>
        <actionName>View</actionName>
        <content>School_Lightning_Page</content>
        <formFactor>Large</formFactor>
        <pageOrSobjectType>Account</pageOrSobjectType>
        <recordType>Account.School</recordType>
        <type>Flexipage</type>
        <profile>EF Lang Support</profile>
    </profileActionOverrides>
    <profileActionOverrides>
        <actionName>View</actionName>
        <content>PersonAccountLightningLayout</content>
        <formFactor>Large</formFactor>
        <pageOrSobjectType>Account</pageOrSobjectType>
        <recordType>PersonAccount.PersonAccount</recordType>
        <type>Flexipage</type>
        <profile>Integration Profile</profile>
    </profileActionOverrides>
    <profileActionOverrides>
        <actionName>View</actionName>
        <content>School_Lightning_Page</content>
        <formFactor>Large</formFactor>
        <pageOrSobjectType>Account</pageOrSobjectType>
        <recordType>Account.School</recordType>
        <type>Flexipage</type>
        <profile>Integration Profile</profile>
    </profileActionOverrides>
    <profileActionOverrides>
        <actionName>View</actionName>
        <content>PersonAccountLightningLayout</content>
        <formFactor>Large</formFactor>
        <pageOrSobjectType>Account</pageOrSobjectType>
        <recordType>PersonAccount.PersonAccount</recordType>
        <type>Flexipage</type>
        <profile>Marketing</profile>
    </profileActionOverrides>
    <profileActionOverrides>
        <actionName>View</actionName>
        <content>School_Lightning_Page</content>
        <formFactor>Large</formFactor>
        <pageOrSobjectType>Account</pageOrSobjectType>
        <recordType>Account.School</recordType>
        <type>Flexipage</type>
        <profile>Marketing</profile>
    </profileActionOverrides>
    <profileActionOverrides>
        <actionName>View</actionName>
        <content>PersonAccountLightningLayout</content>
        <formFactor>Large</formFactor>
        <pageOrSobjectType>Account</pageOrSobjectType>
        <recordType>PersonAccount.PersonAccount</recordType>
        <type>Flexipage</type>
        <profile>Merge Record Admin</profile>
    </profileActionOverrides>
    <profileActionOverrides>
        <actionName>View</actionName>
        <content>PersonAccountLightningLayout</content>
        <formFactor>Large</formFactor>
        <pageOrSobjectType>Account</pageOrSobjectType>
        <recordType>PersonAccount.PersonAccount</recordType>
        <type>Flexipage</type>
        <profile>Merge Record</profile>
    </profileActionOverrides>
    <profileActionOverrides>
        <actionName>View</actionName>
        <content>PersonAccountLightningLayout</content>
        <formFactor>Large</formFactor>
        <pageOrSobjectType>Account</pageOrSobjectType>
        <recordType>PersonAccount.PersonAccount</recordType>
        <type>Flexipage</type>
        <profile>Regional Office Manager</profile>
    </profileActionOverrides>
    <profileActionOverrides>
        <actionName>View</actionName>
        <content>School_Lightning_Page</content>
        <formFactor>Large</formFactor>
        <pageOrSobjectType>Account</pageOrSobjectType>
        <recordType>Account.School</recordType>
        <type>Flexipage</type>
        <profile>Merge Record</profile>
    </profileActionOverrides>
    <profileActionOverrides>
        <actionName>View</actionName>
        <content>School_Lightning_Page</content>
        <formFactor>Large</formFactor>
        <pageOrSobjectType>Account</pageOrSobjectType>
        <recordType>Account.School</recordType>
        <type>Flexipage</type>
        <profile>Merge Record Admin</profile>
    </profileActionOverrides>
    <profileActionOverrides>
        <actionName>View</actionName>
        <content>School_Lightning_Page</content>
        <formFactor>Large</formFactor>
        <pageOrSobjectType>Account</pageOrSobjectType>
        <recordType>Account.School</recordType>
        <type>Flexipage</type>
        <profile>Regional Office Manager</profile>
    </profileActionOverrides>
    <profileActionOverrides>
        <actionName>View</actionName>
        <content>PersonAccountLightningLayout</content>
        <formFactor>Large</formFactor>
        <pageOrSobjectType>Account</pageOrSobjectType>
        <recordType>PersonAccount.PersonAccount</recordType>
        <type>Flexipage</type>
        <profile>Sales Associate</profile>
    </profileActionOverrides>
    <profileActionOverrides>
        <actionName>View</actionName>
        <content>PersonAccountLightningLayout</content>
        <formFactor>Large</formFactor>
        <pageOrSobjectType>Account</pageOrSobjectType>
        <recordType>PersonAccount.PersonAccount</recordType>
        <type>Flexipage</type>
        <profile>Admin</profile>
    </profileActionOverrides>
    <profileActionOverrides>
        <actionName>View</actionName>
        <content>School_Lightning_Page</content>
        <formFactor>Large</formFactor>
        <pageOrSobjectType>Account</pageOrSobjectType>
        <recordType>Account.School</recordType>
        <type>Flexipage</type>
        <profile>Sales Associate</profile>
    </profileActionOverrides>
    --&gt;
    <setupExperience>service</setupExperience>
    <tabs>standard-Case</tabs>
    <tabs>standard-Contact</tabs>
    <tabs>standard-Account</tabs>
    <tabs>standard-report</tabs>
    <tabs>standard-Dashboard</tabs>
    <tabs>standard-home</tabs>
    <tabs>Booking__c</tabs>
    <uiType>Lightning</uiType>
</CustomApplication>
